,cell_types
AAAGTGAAGAAAGCGA,B
AACAAAGAGAGTGTGC,B
AACAAAGAGTCTGGAG,B
AACCCAAAGGGTTAAT,B
AACTTCTCAGTTGGTT,B
AAGCATCAGATTAGAC,B
AAGCCATGTAAGCAAT,B
AAGTACCTCAACTCTT,B
AAGTCGTGTCAGGAGT,B
AATTTCCGTTGCTCAA,B
ACAACCAAGCTCCCTT,B
ACAGGGAAGAGTCAGC,B
ACATCGATCGTGTGAT,B
ACCAACAAGCAGATAT,B
ACCAACAGTCCAGTTA,B
ACCACAAGTTGCTCGG,B
ACCCAAAAGGGTACAC,B
ACCCTTGAGAGAACCC,B
ACCCTTGTCACTGTTT,B
ACGGTTATCGTCGATA,B
ACGTTCCCACTACTTT,B
ACTACGATCCACAGGC,B
ACTTAGGTCCCGAACG,B
ACTTTCAGTACATACC,B
AGAAATGAGTGCACTT,B
AGAACCTTCATTGTTC,B
AGAAGCGCAGCAGTGA,B
AGACACTCAGTCTGGC,B
AGACAGGAGAATCGTA,B
AGACTCAAGCGACTTT,B
AGAGAATGTTAAAGTG,B
AGAGAGCAGGTAGCAC,B
AGAGCAGTCGACCTAA,B
AGATGAACATGAGGGT,B
AGCGCTGTCATCGCTC,B
AGCGTATTCACACCGG,B
AGGAATAGTTCCAAAC,B
AGGACTTGTTGCAACT,B
AGGCCACAGGAGCAAA,B
AGGGTCCAGCAGGTCA,B
AGGTCATCACTGCTTC,B
AGTAACCGTTTCGACA,B
AGTACCAGTTGTGTAC,B
AGTCATGGTCAAGCCC,B
AGTCTCCAGTTGGAAT,B
ATACCTTGTATTTCGG,B
ATAGAGACAGAACTTC,B
ATAGAGAGTGAGTAAT,B
ATAGGCTGTCGTGTTA,B
ATCACAGGTCCAGAAG,B
ATCACAGTCGCACGGT,B
ATCACTTCAGCCCAGT,B
ATCGATGCATGGCTAT,B
ATCGTCCCAATGACCT,B
ATGAGTCGTACCGTGC,B
ATGATCGAGTCGCGAA,B
ATGCATGGTCTCAGGC,B
ATGCGATTCGCTTACC,B
ATGTCCCAGTCGTCTA,B
ATGTCCCCAGTCAACT,B
ATGTCCCTCGCAGTTA,B
ATGTCTTCAGCTGGTC,B
ATGTCTTTCAGGGTAG,B
ATTACCTTCGCGTGAC,B
ATTCATCTCGAGAAAT,B
ATTCCCGAGTATGTAG,B
ATTCCCGGTCATTCCC,B
ATTGTTCGTTCAACGT,B
ATTTCACTCTAGCCTC,B
ATTTCTGAGGGTTTCT,B
CAACGATGTAGTGCGA,B
CAACGGCCATCGATGT,B
CAAGACTCACGATAGG,B
CAAGAGGGTCCGAAAG,B
CAAGCTAGTATCGCTA,B
CAAGGGAAGACCGCCT,B
CAAGGGACACTGCGAC,B
CAATACGCAAGACCGA,B
CAATCGAAGGACTAAT,B
CAATTTCTCGCAAGAG,B
CACAGATAGCTAGATA,B
CACAGATGTCACTCGG,B
CACATGAGTCCTGTTC,B
CACCAAAGTACAGAAT,B
CACCGTTTCCGCACTT,B
CACGAATAGCATGAAT,B
CAGAGCCAGGTTAAAC,B
CAGATACAGGGAGGCA,B
CAGCAATAGCAGGCAT,B
CAGCAATGTACCAATC,B
CAGCAGCAGCGTTAGG,B
CAGGCCAAGTTCCAGT,B
CAGGCCATCACAACCA,B
CAGGGCTCACAGCCTG,B
CATACAGTCCCGAACG,B
CATACTTAGATACAGT,B
CATAGACAGAGAGGTA,B
CATCAAGCATTGCCGG,B
CATCCCACAGGAATCG,B
CATCGGGCAAGTGGGT,B
CATGAGTAGAGACAAG,B
CATTGTTCAGCTGCCA,B
CCACAAACATCCGTGG,B
CCACACTAGTTGTAAG,B
CCACCATTCTGCGGGT,B
CCACTTGTCGCCACTT,B
CCCAACTCATCGCCTT,B
CCCGAAGTCCCGAGTG,B
CCCTAACGTCAAAGTA,B
CCGCAAGCATAATGCC,B
CCGGGTATCGACGATT,B
CCGTTCATCCACTTTA,B
CCTACGTTCCAGCTCT,B
CCTCACACAACGTAAA,B
CCTCCAATCTTCGATT,B
CCTGTTGCACGCTTAA,B
CCTTCAGAGGTACATA,B
CCTTGTGCAGGACTAG,B
CGAAGGACATGATAGA,B
CGAAGTTTCCTCTTTC,B
CGAATTGCATGGATCT,B
CGAGGCTCAATGTTGC,B
CGAGGCTCACAAAGCG,B
CGAGTTAGTTTGGGAG,B
CGATCGGGTATCCCAA,B
CGATGCGAGTGCAGCA,B
CGCATGGAGTCTTCGA,B
CGCGTGAGTAAGAACT,B
CGCGTGATCTGGACCG,B
CGGCAGTCAACTCATG,B
CGGGTCACACTCCGGA,B
CGTAATGGTTGGGCCT,B
CGTGAATCAATCCTTT,B
CGTGATAGTGTCCAAT,B
CGTTCTGCAGGTTCGC,B
CTAAGTGTCATTCATC,B
CTACAGATCAGTGTGT,B
CTCAACCAGACCAGAC,B
CTCAATTAGTTACGGG,B
CTCAATTTCTACGCAA,B
CTCAGTCCATGACACT,B
CTCCAACGTAGCCCTG,B
CTCCATGTCGCACTCT,B
CTCCATGTCGGTCTAA,B
CTCCCAACAGTATTCG,B
CTCCCTCAGGATTTGA,B
CTCTCGAAGTGCTCGC,B
CTCTCGAGTAGCGCCT,B
CTGAATGCAAGTTGGG,B
CTGCCTAAGTCAGCCC,B
CTGCTCAGTTCGGCCA,B
CTGGCAGAGATAGTCA,B
CTGTATTCAACCTAAC,B
CTGTGAAGTCTTACTT,B
CTTCCTTAGTCCCAAT,B
CTTCTAAAGTGCTCAT,B
CTTGAGACAAAGCACG,B
CTTGATTCAGACACCC,B
CTTTCAAAGAGCAGAA,B
CTTTCGGGTCATCGGC,B
CTTTCGGTCCCGTTCA,B
GAAACCTGTGAGTGAC,B
GAACACTGTACGTACT,B
GAAGCGAGTATCGATC,B
GAAGGACTCGCTAATG,B
GAATCACGTATCTCGA,B
GACAGCCGTAGGAGTC,B
GACAGCCTCAACGTGT,B
GACCCTTTCGGTCTGG,B
GACTATGCAACTTGCA,B
GACTATGCACGCTATA,B
GACTGATCACAGAGAC,B
GAGGCAACACTACAGT,B
GAGGGTAAGCACTCTA,B
GAGGGTAGTGGTCTTA,B
GAGTGAGGTACGTAGG,B
GAGTGAGTCTGACCCT,B
GAGTGTTGTTCGGTTA,B
GAGTTGTTCTGTGCTC,B
GATAGAAGTAACGATA,B
GATCATGCACAGTATC,B
GATCATGCATGACTAC,B
GATCCCTAGTAAGAGG,B
GATGACTAGTCATCCA,B
GATGAGGAGCTAATGA,B
GATGGAGGTGTCCATA,B
GATTTCTCACCTGCGA,B
GCACTAACATCGGAGA,B
GCACTAAGTCGAATTC,B
GCAGCCAGTCCACGCA,B
GCCAACGAGGTGATCG,B
GCCAGCAGTTTACGAC,B
GCCATGGCATAGGCGA,B
GCCATGGTCTGTTGGA,B
GCGGATCGTTTACCTT,B
GGAAGTGGTCCTTAAG,B
GGAGAACCAAGCGCAA,B
GGAGATGGTACTTGTG,B
GGAGGTACATGAAGGC,B
GGATCTACACTTCATT,B
GGATCTAGTACAAAGT,B
GGCAGTCGTCAAGTTC,B
GGGACTCTCCAAGGGA,B
GGGTATTCAGGTCTCG,B
GGGTGAAGTCATCCGG,B
GGGTGAATCCCAATAG,B
GGGTTATCAAGCTACT,B
GGGTTATGTCGTGTTA,B
GGTAGAGAGTAAATGC,B
GGTTAACTCTCCTACG,B
GTAGCTACACAAACGG,B
GTAGTACAGTGCAAAT,B
GTATTGGAGAGGTGCT,B
GTCAAGTCACGTAGTT,B
GTCACGGCAGGCACTC,B
GTCAGCGGTGGTCCGT,B
GTCATTTCAGGGACTA,B
GTCCTCACACAAACGG,B
GTCGTAAAGGTGCATG,B
GTGATGTGTCTCGGGT,B
GTGTAACAGACTTCAC,B
GTGTAACCAATGCAGG,B
GTGTGGCCATGAGTAA,B
GTGTTCCCACACCTTC,B
GTTACCCTCCTACAAG,B
GTTAGACAGAATGTTG,B
GTTGTAGAGCCGAATG,B
GTTGTCCTCCGGCTTT,B
GTTGTGAAGCCGAATG,B
TAACGACAGTTAACAG,B
TAACGACGTTCATCTT,B
TAACGACTCATTATCC,B
TAACTTCGTCGTTGGC,B
TAAGCCACAGTGTATC,B
TACCGAAGTTTCGATG,B
TACCTCGGTGTGGACA,B
TACCTGCCATCGATCA,B
TACGCTCAGCACTCCG,B
TACGCTCTCGCAGTGC,B
TACGGGCTCATTGCTT,B
TACTTCAAGAGTAACT,B
TACTTCACAGAATGTA,B
TACTTGTCAAGGCGTA,B
TACTTGTTCTGCGTCT,B
TAGCACACATCTCATT,B
TAGCACATCACCACAA,B
TAGGTACAGATGCTGG,B
TATCTTGGTAGACAGC,B
TATCTTGTCCGAAGGA,B
TATGTTCCATGGCCAC,B
TATTGGGGTCGTGGAA,B
TATTTCGTCTTACACT,B
TCAAGACGTGGCTGAA,B
TCAAGCAAGAGCCTGA,B
TCACAAGGTGATACCT,B
TCACACCCAAACCATC,B
TCACTATTCCACGTCT,B
TCACTCGCATGTACGT,B
TCAGCAAAGGGAACAA,B
TCAGCCTTCATAGACC,B
TCAGCCTTCATGAGGG,B
TCAGCCTTCGGCTTCT,B
TCAGGGCAGTGCGACA,B
TCAGGGCGTGTACATC,B
TCAGGTAGTGTCATGT,B
TCATATCCATACTGTG,B
TCATCCGGTAGTGTGG,B
TCATGGAGTACGACAG,B
TCATGTTAGACTAAGT,B
TCATGTTGTGCGAACA,B
TCATTACAGACTTCAC,B
TCATTACAGCGATCGA,B
TCATTACGTTGCCGCA,B
TCATTACTCCACAAGT,B
TCCACGTGTCATCTAG,B
TCCATCGGTTAGGCCC,B
TCCTCTTGTCTACACA,B
TCGAACACATTATGCG,B
TCGAAGTGTGACCGTC,B
TCGCACTTCGTTGCCT,B
TCGGTCTAGGTTCAGG,B
TCGTAGAGTCAGCGTC,B
TCTAACTGTTGGTAGG,B
TCTATACGTCGCATTA,B
TCTCACGTCTCTTGCG,B
TCTCCGATCCATAGAC,B
TCTGTCGGTACACGCC,B
TCTTCCTGTCGGCTAC,B
TCTTTGACAAGCAATA,B
TGAATCGTCTCATAGG,B
TGACAGTCATCAGCAT,B
TGAGACTGTTTCGTTT,B
TGAGCGCGTCGATGCC,B
TGATCAGAGATACGAT,B
TGATCAGAGGTCACAG,B
TGATCAGTCTGCGGCA,B
TGCACGGAGAGGTGCT,B
TGCAGATCAGCTTTCC,B
TGCAGTATCTTTACAC,B
TGCGACGAGTGGTCAG,B
TGCGGGTTCTTCGATT,B
TGCTGAAGTAGTCTTG,B
TGGCGTGGTTAGCTAC,B
TGGCGTGTCAGGACGA,B
TGGGAGACATGACGAG,B
TGGTAGTGTCGCTTGG,B
TGTCAGATCATGAGAA,B
TGTGGCGAGTCTGCAT,B
TGTTCTAGTTGCTTGA,B
TGTTTGTAGACCGTTT,B
TTAATCCGTAGTCTGT,B
TTAATCCGTCATGACT,B
TTACAGGCAGCGCTTG,B
TTACCATGTCTAATCG,B
TTAGTCTAGCATCGAG,B
TTAGTCTAGGATTCCT,B
TTCACCGAGTTACGTC,B
TTCCACGCATTGTAGC,B
TTCCGGTTCGAACACT,B
TTCCTTCGTCGGTGAA,B
TTCGCTGCATGTGGTT,B
TTCTAACAGTCGAAAT,B
TTCTAACGTTCTTCAT,B
TTCTAGTAGCAGGCTA,B
TTCTAGTCAGCCTATA,B
TTCTAGTTCCAACACA,B
TTCTCTCAGGATGAGA,B
TTGATGGGTAGTCCTA,B
TTGCATTAGTACGAGC,B
TTGGATGCATCAGTCA,B
TTGTGGAGTACCCGCA,B
TTTACCAGTATGGTTC,B
AAAGAACTCTTGGTCC,CD4mem
AAAGGATTCCGAGTGC,CD4mem
AAAGTGAGTACGAAAT,CD4mem
AACAAAGTCTTACCGC,CD4mem
AACAACCGTAAGTTGA,CD4mem
AACAAGATCAACTCTT,CD4mem
AACAAGATCGTGGCGT,CD4mem
AACAGGGCACCAGGTC,CD4mem
AACAGGGTCGAAGCCC,CD4mem
AACCAACGTTACTCAG,CD4mem
AACCATGCAAAGACGC,CD4mem
AACCCAACAGCTGTTA,CD4mem
AACCCAAGTGCAATGG,CD4mem
AACCTTTAGTGTTGTC,CD4mem
AACCTTTCAACTCCCT,CD4mem
AACGTCATCACAATGC,CD4mem
AAGCATCGTGGAGGTT,CD4mem
AAGCATCTCCACGTAA,CD4mem
AAGGAATCAGCTGAAG,CD4mem
AAGTCGTTCCACATAG,CD4mem
AAGTGAAGTAGGTTTC,CD4mem
AATAGAGCACACTGGC,CD4mem
AATCACGTCACTCCGT,CD4mem
AATGAAGCAGTGTGGA,CD4mem
AATGAAGCATAACTCG,CD4mem
AATGACCCAGCCCACA,CD4mem
AATGACCTCTTACCGC,CD4mem
AATGGAAAGATCGACG,CD4mem
AATGGAATCGCCCAGA,CD4mem
AATTTCCTCTCGGGAC,CD4mem
ACAAAGAAGCGCCTCA,CD4mem
ACAACCAGTGCACGCT,CD4mem
ACAACCATCACAACCA,CD4mem
ACACAGTTCACAAGAA,CD4mem
ACACCAAGTTTCGATG,CD4mem
ACACTGAAGTGCCGAA,CD4mem
ACAGAAAAGTTGCTGT,CD4mem
ACAGCCGGTGTTCCTC,CD4mem
ACAGGGACACGCGTCA,CD4mem
ACATCCCGTGAATTGA,CD4mem
ACATGCACAGAGATTA,CD4mem
ACATGCAGTTTACACG,CD4mem
ACATGCATCACCTGGG,CD4mem
ACATTTCAGGAGACCT,CD4mem
ACATTTCTCGCCGAGT,CD4mem
ACCATTTCAGTACTAC,CD4mem
ACCCAAATCAGTAGGG,CD4mem
ACCCTTGAGTTCCGTA,CD4mem
ACCGTTCCACCAGCGT,CD4mem
ACCGTTCCACGCGCTA,CD4mem
ACCTGTCAGGACTAAT,CD4mem
ACGCACGAGCATTGAA,CD4mem
ACGCACGAGTAGCCAG,CD4mem
ACGGAAGAGGACAGTC,CD4mem
ACGGTCGGTTGTAAAG,CD4mem
ACGGTTACATGGAACG,CD4mem
ACGTAACAGGGTCAAC,CD4mem
ACGTACATCACACCGG,CD4mem
ACGTAGTGTATCGATC,CD4mem
ACGTCCTTCTACGGTA,CD4mem
ACGTTCCCATAGAGGC,CD4mem
ACTACGACATATGGCT,CD4mem
ACTACGATCTTGGATG,CD4mem
ACTATCTGTACGCTTA,CD4mem
ACTATGGAGGACCCAA,CD4mem
ACTCCCAAGCCATATC,CD4mem
ACTCCCACACAGTCGC,CD4mem
ACTCCCATCAGGAGAC,CD4mem
ACTGATGGTCTAGGTT,CD4mem
ACTGATGTCAGCTAGT,CD4mem
ACTGATGTCGGAGCAA,CD4mem
ACTGTCCTCCAAGCTA,CD4mem
ACTGTGATCGTCAACA,CD4mem
ACTGTGATCTTTGCTA,CD4mem
ACTTATCCACAGCTGC,CD4mem
ACTTCCGTCACGGGCT,CD4mem
ACTTTGTCACCAGCCA,CD4mem
ACTTTGTTCCGCTGTT,CD4mem
AGAACCTCACTGCATA,CD4mem
AGACAAAAGTTTCGAC,CD4mem
AGACACTAGAGCGACT,CD4mem
AGACACTTCATCGACA,CD4mem
AGACCCGTCCACAAGT,CD4mem
AGAGAGCGTCTGCAAT,CD4mem
AGAGCCCCAACCACGC,CD4mem
AGAGCCCTCTTACCGC,CD4mem
AGATCGTTCGTTCCTG,CD4mem
AGCATCACATTGCAAC,CD4mem
AGCATCATCATGGATC,CD4mem
AGCCAATGTTCTCTCG,CD4mem
AGCCAGCCAGTTGAAA,CD4mem
AGCGTATAGGCTCCCA,CD4mem
AGCGTATGTGTCCTAA,CD4mem
AGCGTCGGTCCCGCAA,CD4mem
AGCTACACAATTCTCT,CD4mem
AGCTCAAAGTGCAGCA,CD4mem
AGGAAATAGGCTTAAA,CD4mem
AGGAATACAAGATCCT,CD4mem
AGGAGGTCACTGAGGA,CD4mem
AGGAGGTTCCAACACA,CD4mem
AGGATAACAGCAGAAC,CD4mem
AGGGCCTCAGTTGTTG,CD4mem
AGGGCCTTCGATAACC,CD4mem
AGGGCTCCACGATTCA,CD4mem
AGGGTGAAGTTGCTCA,CD4mem
AGGGTTTGTATTAAGG,CD4mem
AGGTAGGAGCTAGTTC,CD4mem
AGGTAGGCATACCATG,CD4mem
AGGTCTACAGCCCAGT,CD4mem
AGGTCTAGTCGCTTAA,CD4mem
AGTAACCAGTCATAGA,CD4mem
AGTAACCGTATGGAAT,CD4mem
AGTACTGCACCTATCC,CD4mem
AGTACTGTCTGTGCAA,CD4mem
AGTCAACAGTGCACTT,CD4mem
AGTGATCAGACATAGT,CD4mem
AGTGCCGAGGTACCTT,CD4mem
AGTGCCGTCGTCTACC,CD4mem
AGTGTTGAGCTCTATG,CD4mem
AGTTAGCCACTTTAGG,CD4mem
AGTTAGCGTCGGCTAC,CD4mem
AGTTAGCTCGATTGAC,CD4mem
AGTTAGCTCTCCTACG,CD4mem
AGTTCGAAGACTGAGC,CD4mem
AGTTCGAAGCAAATGT,CD4mem
ATACCGAGTCGATGCC,CD4mem
ATACCTTGTGTTTCTT,CD4mem
ATAGAGAGTCGACTGC,CD4mem
ATCACGAAGATTAGTG,CD4mem
ATCACTTCATCGCCTT,CD4mem
ATCCTATGTCACTTCC,CD4mem
ATCGGATCAACACGAG,CD4mem
ATCGGATTCTCGTCGT,CD4mem
ATCGTAGGTCATTCCC,CD4mem
ATCGTGACAACCCTCT,CD4mem
ATGAGGGCACACGGTC,CD4mem
ATGAGGGTCTATCACT,CD4mem
ATGAGTCAGCAACAAT,CD4mem
ATGCATGAGCTGGCCT,CD4mem
ATGCCTCTCGTGCTCT,CD4mem
ATGGATCTCACCATGA,CD4mem
ATGGGAGCACAAGCAG,CD4mem
ATGTCCCAGGCGAAGG,CD4mem
ATGTCCCGTTGAGAGC,CD4mem
ATTATCCAGATGCTGG,CD4mem
ATTATCCCAAAGTGTA,CD4mem
ATTATCCGTTGGGTTT,CD4mem
ATTCATCAGCCAAGTG,CD4mem
ATTCATCCAACGCCCA,CD4mem
ATTCATCTCAAGTCGT,CD4mem
ATTCCATTCTACACAG,CD4mem
ATTCCCGCAAACTAAG,CD4mem
ATTCCCGCACCCTTGT,CD4mem
ATTCTACTCATGCTAG,CD4mem
ATTGGGTCACGGGTAA,CD4mem
ATTGGGTTCCACTGGG,CD4mem
ATTGTTCGTAGCTTTG,CD4mem
CAAAGAAAGGAACGTC,CD4mem
CAACAACGTCACTACA,CD4mem
CAACAGTGTGTAGTGG,CD4mem
CAACAGTTCATAAGGA,CD4mem
CAACAGTTCTCGGTCT,CD4mem
CAACCAAAGTCGCTAT,CD4mem
CAACGGCCAGGACAGT,CD4mem
CAAGACTGTCCAATCA,CD4mem
CAAGACTGTCTCGGGT,CD4mem
CAAGCTAAGAGCAGAA,CD4mem
CAAGGGACACGGTGTC,CD4mem
CAATACGAGATTTGCC,CD4mem
CAATGACAGATGCTTC,CD4mem
CAATGACCAGAGGTTG,CD4mem
CACACAACAATAGGAT,CD4mem
CACACAACAGGGAATC,CD4mem
CACACAATCGGCTGAC,CD4mem
CACAGGCAGGCGTTGA,CD4mem
CACAGGCCAGACAAGC,CD4mem
CACCAAAAGCACTTTG,CD4mem
CACGAATAGCCTTTGA,CD4mem
CACGGGTAGTTCCTGA,CD4mem
CACGTGGGTTTCGATG,CD4mem
CACGTGGTCCTACACC,CD4mem
CACGTTCAGGTACCTT,CD4mem
CACGTTCGTCAGGTGA,CD4mem
CACTAAGCAAGTCGTT,CD4mem
CACTAAGTCTGGAAGG,CD4mem
CACTGGGCACTGGATT,CD4mem
CACTGGGGTCTCAAGT,CD4mem
CACTGTCTCAACCTCC,CD4mem
CAGATACGTCCTTAAG,CD4mem
CAGATACTCTCAGGCG,CD4mem
CAGCACGAGTCACTAC,CD4mem
CAGCACGCACGGCCAT,CD4mem
CAGCACGTCCACGAAT,CD4mem
CAGCCAGTCGTGGTAT,CD4mem
CAGCGTGTCCCTATTA,CD4mem
CAGGCCATCACTTGTT,CD4mem
CAGGGCTGTCACGCTG,CD4mem
CATAAGCAGGATTCCT,CD4mem
CATAAGCTCCGTTGGG,CD4mem
CATACCCGTGATCATC,CD4mem
CATCCACAGAGAAGGT,CD4mem
CATCCACCAGAGCTAG,CD4mem
CATCCCAAGCTCATAC,CD4mem
CATCCGTAGCAGTACG,CD4mem
CATCGGGTCCACACAA,CD4mem
CATGAGTAGTGTAGTA,CD4mem
CATGAGTCATTCCTCG,CD4mem
CATGAGTGTAGCACGA,CD4mem
CATGCTCGTTCTCTCG,CD4mem
CATGGTAGTCTTAGTG,CD4mem
CATGGTATCCGTGTAA,CD4mem
CATGGTATCGCACGGT,CD4mem
CATTCTACACGTAGTT,CD4mem
CATTGAGGTCGCCTAG,CD4mem
CATTGAGTCGAAGTGG,CD4mem
CATTGAGTCGCAATGT,CD4mem
CATTTCAAGCTGAGCA,CD4mem
CCAATGACATAGGCGA,CD4mem
CCAATGAGTATTTCGG,CD4mem
CCAATTTGTGCGAACA,CD4mem
CCAATTTGTGGTCTAT,CD4mem
CCAATTTTCTGGCTGG,CD4mem
CCACAAACAGAAATTG,CD4mem
CCACGAGAGGCTAAAT,CD4mem
CCACGTTGTACCTAGT,CD4mem
CCATCACGTAACGCGA,CD4mem
CCCAACTGTGAGAGGG,CD4mem
CCCGAAGAGGTTCACT,CD4mem
CCCTAACTCGTGTCAA,CD4mem
CCCTCAAGTAGCGAGT,CD4mem
CCCTCTCTCATATGGC,CD4mem
CCCTTAGAGGGATCTG,CD4mem
CCCTTAGGTACGGATG,CD4mem
CCGAACGGTGAGGAAA,CD4mem
CCGATGGCACAAATGA,CD4mem
CCGGGTAGTGAGTGAC,CD4mem
CCGGTGATCGGTCAGC,CD4mem
CCGGTGATCTCTCTAA,CD4mem
CCGTAGGCACAAGGTG,CD4mem
CCGTAGGGTGGTACAG,CD4mem
CCGTGAGCACCCTAAA,CD4mem
CCGTGAGGTGTCTTAG,CD4mem
CCGTTCATCGCTCTCA,CD4mem
CCTATCGAGGTGCTAG,CD4mem
CCTATCGGTTCAACGT,CD4mem
CCTCACAAGAGGCCAT,CD4mem
CCTCACAAGGACTATA,CD4mem
CCTCAGTTCGGCTTGG,CD4mem
CCTCATGCAGATGCGA,CD4mem
CCTCATGCATGACCCG,CD4mem
CCTCCTCAGCGCCTAC,CD4mem
CCTCCTCGTGTCACAT,CD4mem
CCTCTCCTCATGGCCG,CD4mem
CCTTCAGTCCGTATGA,CD4mem
CCTTGTGGTTTACCTT,CD4mem
CCTTTGGCAAGAATAC,CD4mem
CCTTTGGTCTGCGGCA,CD4mem
CGAAGGAAGGCTAACG,CD4mem
CGAAGTTCATACAGCT,CD4mem
CGAAGTTTCAGACAAA,CD4mem
CGAAGTTTCGTCCATC,CD4mem
CGAATTGAGATGTTGA,CD4mem
CGAATTGCACACCTGG,CD4mem
CGAATTGGTAGGATAT,CD4mem
CGAATTGGTTGGTACT,CD4mem
CGAATTGGTTTATGCG,CD4mem
CGAGAAGAGGTCCCTG,CD4mem
CGCAGGTCATAGTCAC,CD4mem
CGCAGGTGTATTGGCT,CD4mem
CGCATAACACAAATAG,CD4mem
CGCATGGAGCAATTCC,CD4mem
CGCATGGCATTAAAGG,CD4mem
CGCCATTCAAGCCATT,CD4mem
CGCGTGATCGTGGCGT,CD4mem
CGGAACCCACACGGTC,CD4mem
CGGAATTAGATTCGCT,CD4mem
CGGACACCAGAATCGG,CD4mem
CGGACACTCTAACACG,CD4mem
CGGAGAATCTTTACAC,CD4mem
CGGCAGTAGTAAGGGA,CD4mem
CGGGACTAGCACTCCG,CD4mem
CGGGACTAGGAGTACC,CD4mem
CGGGCATCATGCCGAC,CD4mem
CGGTCAGAGTGACACG,CD4mem
CGTAGTAAGTGCAAAT,CD4mem
CGTCAAACAAACACCT,CD4mem
CGTCAAACACAAATCC,CD4mem
CGTCAAAGTACCACGC,CD4mem
CGTCAAAGTATCAGGG,CD4mem
CGTCCATCAGAGAAAG,CD4mem
CGTCCATCAGTATACC,CD4mem
CGTGAATAGCGCTGCT,CD4mem
CGTGAATCACAATTCG,CD4mem
CGTGTCTAGACCTCAT,CD4mem
CTAACCCAGACTCTAC,CD4mem
CTAACCCGTGTTCATG,CD4mem
CTAACCCTCTATCGCC,CD4mem
CTAACTTGTCTCTCCA,CD4mem
CTAACTTTCTGACCCT,CD4mem
CTACAGAGTCTTCATT,CD4mem
CTACATTTCGCCAACG,CD4mem
CTACCTGCATGACAGG,CD4mem
CTAGACAAGAACCGCA,CD4mem
CTCAATTAGAGTCTGG,CD4mem
CTCACTGGTCAAGCCC,CD4mem
CTCACTGTCCCGTGAG,CD4mem
CTCAGTCTCTCGGTAA,CD4mem
CTCATCGGTGTACGCC,CD4mem
CTCCAACGTATACAGA,CD4mem
CTCCACACATAGGCGA,CD4mem
CTCCATGAGTTATGGA,CD4mem
CTCCCAAAGCGATGAC,CD4mem
CTCCGATAGTCGAATA,CD4mem
CTCCTCCAGTATTAGG,CD4mem
CTCCTCCCAGATCCAT,CD4mem
CTCCTTTGTAGCGTCC,CD4mem
CTCGAGGAGACATAGT,CD4mem
CTCGAGGGTTACCTGA,CD4mem
CTCTCGAGTGAGCCAA,CD4mem
CTCTCGAGTGCCCGTA,CD4mem
CTCTCGATCAAGTCGT,CD4mem
CTGAATGCACGTACTA,CD4mem
CTGAGCGTCCTCTAGC,CD4mem
CTGATCCGTTGCACGC,CD4mem
CTGCAGGAGAGTAACT,CD4mem
CTGCAGGCATGTACGT,CD4mem
CTGCAGGGTTGCTCCT,CD4mem
CTGCATCTCTGATTCT,CD4mem
CTGCCTACAACTCCCT,CD4mem
CTGCGAGAGACAGCTG,CD4mem
CTGGACGAGTCTGTAC,CD4mem
CTGTACCCAAACTAAG,CD4mem
CTGTAGAAGAGAAGGT,CD4mem
CTGTATTTCGTGGCGT,CD4mem
CTTCCGATCCTCTAGC,CD4mem
CTTCCTTGTACGACAG,CD4mem
CTTCCTTTCCTGCTAC,CD4mem
CTTCTCTCATCCTGTC,CD4mem
CTTCTCTTCCAAACCA,CD4mem
CTTGAGACACTGCGTG,CD4mem
CTTGAGATCCACACAA,CD4mem
CTTTCAAAGACCCGCT,CD4mem
GAAATGATCTGGCCAG,CD4mem
GAACACTGTGCGTGCT,CD4mem
GAACACTGTGGCAACA,CD4mem
GAACTGTGTGTCCATA,CD4mem
GAACTGTTCTTAAGGC,CD4mem
GAAGGACCATCCAATG,CD4mem
GAATAGAGTACAATAG,CD4mem
GAATAGAGTAGCTGAG,CD4mem
GACACGCCATAGATCC,CD4mem
GACGTTATCGGCTTCT,CD4mem
GACTGATTCCTGGGAC,CD4mem
GACTGATTCTGTGCTC,CD4mem
GACTTCCGTACCATAC,CD4mem
GAGACCCTCTCCTGCA,CD4mem
GAGACTTAGTCTTCCC,CD4mem
GAGACTTCAGCATCTA,CD4mem
GAGCCTGGTCGGTGAA,CD4mem
GAGCCTGGTGGCCTCA,CD4mem
GAGGCCTGTTGGACTT,CD4mem
GAGGGATAGCACCAGA,CD4mem
GAGGGTAAGCTGAAGC,CD4mem
GAGGGTAAGGCCTTGC,CD4mem
GAGTGAGTCGTGCATA,CD4mem
GAGTTACCATGGCACC,CD4mem
GATCACAGTAGGAGGG,CD4mem
GATCACAGTATCTCTT,CD4mem
GATCACAGTTGTATGC,CD4mem
GATGACTAGACGTCCC,CD4mem
GATGAGGGTTAGAAAC,CD4mem
GATGATCGTTGGAGAC,CD4mem
GATGATCTCGTCGATA,CD4mem
GATGGAGCATTCAGGT,CD4mem
GATTCGAGTAATGCTC,CD4mem
GATTCGATCTAGACCA,CD4mem
GCAACCGAGGATGGCT,CD4mem
GCAACCGGTACAAGCG,CD4mem
GCAACCGGTGTTCGTA,CD4mem
GCACGGTGTACGCGTC,CD4mem
GCACGGTTCAAGTAAG,CD4mem
GCACGTGAGTGCACTT,CD4mem
GCAGCCAAGCTCGCAC,CD4mem
GCAGCCAAGTAGAATC,CD4mem
GCAGCCAGTAGTGATA,CD4mem
GCAGCTGCAAACGAGC,CD4mem
GCAGTTAAGAGGCTGT,CD4mem
GCAGTTAAGTCACGCC,CD4mem
GCAGTTACATGCTGCG,CD4mem
GCATTAGCAGAAATTG,CD4mem
GCCAGCATCGCCAACG,CD4mem
GCCCAGACAGGCTTGC,CD4mem
GCCCAGATCAGCTGAT,CD4mem
GCCCGAATCATCCCGT,CD4mem
GCCGATGTCGTCAACA,CD4mem
GCCGTGAGTAGTTCCA,CD4mem
GCCTGTTAGATCCCGC,CD4mem
GCGGAAATCTGGGCAC,CD4mem
GCGGATCCACCGGCTA,CD4mem
GCGGATCCATCGATGT,CD4mem
GCGGATCGTGTCCTAA,CD4mem
GCGTTTCGTAACATAG,CD4mem
GCTGAATGTCCTCAGG,CD4mem
GCTGCAGGTGCAGTGA,CD4mem
GCTGCAGGTGTCTTAG,CD4mem
GCTTCACCAACCGACC,CD4mem
GCTTCACGTCAACACT,CD4mem
GGAACCCTCACACCGG,CD4mem
GGAAGTGGTTCACCGG,CD4mem
GGAAGTGTCCCGAGGT,CD4mem
GGAAGTGTCTTTGATC,CD4mem
GGAATGGAGAATACAC,CD4mem
GGACGTCTCGGAACTT,CD4mem
GGAGGATGTCCTGTTC,CD4mem
GGAGGATTCTCTTCAA,CD4mem
GGAGGTATCTCCGAAA,CD4mem
GGATCTAGTGGACTAG,CD4mem
GGATCTAGTTAATGAG,CD4mem
GGCACGTAGCGAAACC,CD4mem
GGCAGTCTCGGACTTA,CD4mem
GGCTGTGAGCAAGGAA,CD4mem
GGCTTGGAGTGAGTTA,CD4mem
GGCTTGGCATCCGATA,CD4mem
GGCTTGGGTGATTCAC,CD4mem
GGCTTGGGTGCACATT,CD4mem
GGGAAGTCAAAGGGCT,CD4mem
GGGACCTCAAGACGGT,CD4mem
GGGACTCCAGAGTGAC,CD4mem
GGGACTCTCAAGTCTG,CD4mem
GGGAGATGTGTTCCAA,CD4mem
GGGATCCTCACAACCA,CD4mem
GGGATGAAGATGATTG,CD4mem
GGGCCATTCGCGTTTC,CD4mem
GGGCGTTGTTGCGGCT,CD4mem
GGGTAGAAGGCCCGTT,CD4mem
GGGTAGATCCCTTGGT,CD4mem
GGGTCACAGGCTAAAT,CD4mem
GGGTCACAGGTCCCGT,CD4mem
GGGTCACTCTGACGCG,CD4mem
GGGTGAAAGCCTGGAA,CD4mem
GGGTGAAAGGTCCTGC,CD4mem
GGGTGAAGTACGCGTC,CD4mem
GGGTGTCGTCATGCAT,CD4mem
GGGTTATAGTGGTCAG,CD4mem
GGGTTATTCGCATGAT,CD4mem
GGTAACTGTGTTGACT,CD4mem
GGTAACTTCACTTTGT,CD4mem
GGTAACTTCTTCGATT,CD4mem
GGTAATCTCCTCATAT,CD4mem
GGTCACGGTATGCGGA,CD4mem
GGTCACGTCAAATAGG,CD4mem
GGTGAAGGTTTCACAG,CD4mem
GGTGTCGCAAGTCGTT,CD4mem
GGTGTCGTCCGGGACT,CD4mem
GGTGTTAAGTGCAACG,CD4mem
GGTTAACGTCAACCTA,CD4mem
GGTTCTCGTAGGGAGG,CD4mem
GGTTGTACATTCCTCG,CD4mem
GTAACCACAAGAAACT,CD4mem
GTAACCATCGCAATTG,CD4mem
GTAAGTCTCAATCTCT,CD4mem
GTAATGCCAAGAGGCT,CD4mem
GTACAACTCAGTCTTT,CD4mem
GTACAGTGTTGGTGTT,CD4mem
GTACAGTTCCATAAGC,CD4mem
GTAGAAACACCAGTAT,CD4mem
GTAGAGGAGCCTCAAT,CD4mem
GTAGAGGCAGGGATAC,CD4mem
GTAGCTAAGAGTCCGA,CD4mem
GTAGTACAGTGCACTT,CD4mem
GTAGTACCAGAACTAA,CD4mem
GTAGTACCAGGACAGT,CD4mem
GTATTGGCACGAAGAC,CD4mem
GTATTTCAGATGTTAG,CD4mem
GTCAAACTCGCAAGAG,CD4mem
GTCAAGTGTATCTCTT,CD4mem
GTCACGGGTGCACATT,CD4mem
GTCACGGTCTTGGAAC,CD4mem
GTCACTCGTCAAAGCG,CD4mem
GTCAGCGTCGACCATA,CD4mem
GTCATCCGTGTGTCGC,CD4mem
GTCATGAAGACGCCAA,CD4mem
GTCATGATCAAGCCTA,CD4mem
GTCCCATCAACCTAAC,CD4mem
GTCCCATTCCAACCAA,CD4mem
GTCGAATTCGTTCAGA,CD4mem
GTCGCGATCGTAATGC,CD4mem
GTCTACCAGGTCCCTG,CD4mem
GTCTCACGTCCTCATC,CD4mem
GTGAGCCTCATCACAG,CD4mem
GTGAGGATCAGGTAAA,CD4mem
GTGCACGGTTAACAGA,CD4mem
GTGCACGTCCACTAGA,CD4mem
GTGCAGCGTATGAAGT,CD4mem
GTGCTGGGTGACCGTC,CD4mem
GTGGAAGCACAGTGTT,CD4mem
GTGGGAAAGTGCCAGA,CD4mem
GTGGGAAGTAGCGCCT,CD4mem
GTGGTTACAAACTAAG,CD4mem
GTGTAACAGATGGGCT,CD4mem
GTGTCCTCAGGATTCT,CD4mem
GTGTGATAGAGCAGTC,CD4mem
GTGTGATCAGAGAGGG,CD4mem
GTGTTCCTCATGGTAC,CD4mem
GTTACAGAGACATGCG,CD4mem
GTTACAGCACAAATGA,CD4mem
GTTACAGGTTGTGGAG,CD4mem
GTTAGTGTCCAGCAAT,CD4mem
GTTCATTCAGCGTTGC,CD4mem
GTTCGCTGTAGCTTAC,CD4mem
GTTCTATAGCGACATG,CD4mem
GTTGCTCTCCGAAATC,CD4mem
GTTTACTTCAGCTGTA,CD4mem
TAACACGAGCGTGAGT,CD4mem
TAACACGCAGTCAGTT,CD4mem
TAACCAGAGATTGGGC,CD4mem
TAACCAGCACTTACAG,CD4mem
TAACCAGGTCCGTTTC,CD4mem
TAACTTCTCGTCACCT,CD4mem
TAACTTCTCTGATTCT,CD4mem
TAAGCCACATCATTGG,CD4mem
TAAGCCATCCAAGCCG,CD4mem
TAAGCCATCCTGGCTT,CD4mem
TAAGTCGCAGGCCCTA,CD4mem
TAAGTCGGTAGTAAGT,CD4mem
TAATCTCAGACTTCAC,CD4mem
TACAACGTCCGACATA,CD4mem
TACCCGTCAACCTATG,CD4mem
TACCGGGAGGTAAGAG,CD4mem
TACCGGGTCCATATGG,CD4mem
TACGCTCTCATAGCAC,CD4mem
TACGGGCCATTCACCC,CD4mem
TACGGGCTCCCTCTAG,CD4mem
TACGTCCGTATCAAGA,CD4mem
TAGACCATCGAACACT,CD4mem
TAGACTGCACCAACAT,CD4mem
TAGCACATCTCTTGCG,CD4mem
TAGGAGGGTCATATGC,CD4mem
TAGGTACGTGTCCATA,CD4mem
TATACCTCACAGTGTT,CD4mem
TATACCTGTAAGCTCT,CD4mem
TATACCTTCGCGGACT,CD4mem
TATCCTAAGCCATTTG,CD4mem
TATCCTAGTACATACC,CD4mem
TATCGCCAGTAACAGT,CD4mem
TATCGCCAGTTGTACC,CD4mem
TATCGCCCAACGCATT,CD4mem
TATCTTGCAGCCATTA,CD4mem
TATTCCAAGGATCACG,CD4mem
TATTCCATCAAGCCAT,CD4mem
TATTGGGAGCGTCAGA,CD4mem
TATTTCGAGCGATGAC,CD4mem
TCAAGACCATCGCCTT,CD4mem
TCAAGTGAGCATGAAT,CD4mem
TCAATCTAGACTCGAG,CD4mem
TCAATCTTCTGGAAGG,CD4mem
TCACACCAGAGGCGGA,CD4mem
TCACACCGTGATATAG,CD4mem
TCACTATAGACCGCCT,CD4mem
TCACTCGGTCAGTCCG,CD4mem
TCAGCAAAGCAGCCCT,CD4mem
TCAGCAACAAGATGTA,CD4mem
TCAGCAATCCGCAACG,CD4mem
TCAGCCTTCTAGTCAG,CD4mem
TCAGGGCAGAGGCTGT,CD4mem
TCAGGTAAGAGGTTTA,CD4mem
TCAGTCCTCGGCGATC,CD4mem
TCAGTGATCCGCATAA,CD4mem
TCAGTGATCTCTATAC,CD4mem
TCAGTTTCATACAGGG,CD4mem
TCATACTGTACCACGC,CD4mem
TCATATCAGGTTGAGC,CD4mem
TCATATCTCGCTCATC,CD4mem
TCATATCTCGTGGCTG,CD4mem
TCATGAGGTGTTAACC,CD4mem
TCATGGAGTCGTAATC,CD4mem
TCATGTTCATGTTACG,CD4mem
TCATTACTCCATTGCC,CD4mem
TCATTACTCGACCACG,CD4mem
TCATTCACACCCTCTA,CD4mem
TCATTCAGTCCTCATC,CD4mem
TCATTTGGTACAGAGC,CD4mem
TCATTTGTCAAATGCC,CD4mem
TCATTTGTCTCGGTAA,CD4mem
TCCACCATCCACGTGG,CD4mem
TCCACGTAGCCACAAG,CD4mem
TCCACGTGTATCCTTT,CD4mem
TCCATCGGTAACATGA,CD4mem
TCCCACAAGATACAGT,CD4mem
TCCCATGCAGTCACGC,CD4mem
TCCGGGAAGACCTTTG,CD4mem
TCCGGGACACGCAGTC,CD4mem
TCCTAATTCACTACGA,CD4mem
TCCTAATTCTCACGAA,CD4mem
TCCTCGACATGGGAAC,CD4mem
TCCTGCATCTTCACAT,CD4mem
TCCTTCTGTAGCCAGA,CD4mem
TCCTTCTTCTCCGAAA,CD4mem
TCGAAGTAGGCTTAAA,CD4mem
TCGACCTTCATGTCTT,CD4mem
TCGATTTAGTGAGTTA,CD4mem
TCGATTTTCTAACACG,CD4mem
TCGCTTGCAATGAAAC,CD4mem
TCGGATACACTTGAAC,CD4mem
TCGGGACAGAAGCGCT,CD4mem
TCGGGACTCAGCAATC,CD4mem
TCGGGACTCTAGCATG,CD4mem
TCGTGCTGTAGATCGG,CD4mem
TCTAACTCAGGTCAAG,CD4mem
TCTACCGGTCTTGAGT,CD4mem
TCTATCAAGGTAGACC,CD4mem
TCTCACGGTGTTAGCT,CD4mem
TCTCCGAAGGACTATA,CD4mem
TCTCCGATCTACTGAG,CD4mem
TCTGCCAAGATTTGCC,CD4mem
TCTGCCAAGCATATGA,CD4mem
TCTTAGTGTTCGATTG,CD4mem
TCTTTGATCTAGTACG,CD4mem
TGAACGTGTCAGACTT,CD4mem
TGAATCGGTGGTACAG,CD4mem
TGACCCTCACGGTGTC,CD4mem
TGACGCGAGCGCCGTT,CD4mem
TGACTCCAGAAGATCT,CD4mem
TGACTCCCATTGACCA,CD4mem
TGAGACTGTGGGATTG,CD4mem
TGAGCATAGCGCTGCT,CD4mem
TGAGGAGAGAAATCCA,CD4mem
TGAGGAGAGTGCACAG,CD4mem
TGAGGAGGTAGATGTA,CD4mem
TGAGGGAGTCCGGTGT,CD4mem
TGAGGTTAGGTGCTGA,CD4mem
TGATCAGGTCCACTTC,CD4mem
TGATCTTGTAAGAACT,CD4mem
TGATGCATCGAGATGG,CD4mem
TGCAGATTCAATCAGC,CD4mem
TGCAGATTCCATAGAC,CD4mem
TGCAGTACACGTGAGA,CD4mem
TGCATCCTCCTAGCCT,CD4mem
TGCGACGAGTTCACTG,CD4mem
TGCGACGCAATTGCTG,CD4mem
TGCGGCAGTCGGAACA,CD4mem
TGCGGGTAGCGGTAGT,CD4mem
TGCGGGTGTCACTCGG,CD4mem
TGCGGGTTCTAAGCCA,CD4mem
TGCTTGCCAATCCTTT,CD4mem
TGCTTGCTCGCTGTCT,CD4mem
TGGAGGAGTACGACTT,CD4mem
TGGATCACATCTTCGC,CD4mem
TGGCGTGAGTAACCGG,CD4mem
TGGCGTGCACTGATTG,CD4mem
TGGCGTGGTGCATGAG,CD4mem
TGGGAAGGTTACGGAG,CD4mem
TGGGAGAAGAGTACCG,CD4mem
TGGGAGAAGCTATCCA,CD4mem
TGGGCGTGTTCTATCT,CD4mem
TGGTACAAGTTCATGC,CD4mem
TGGTACACACACACTA,CD4mem
TGGTACAGTACCGGAA,CD4mem
TGGTACATCACACGAT,CD4mem
TGGTGATAGTGCCGAA,CD4mem
TGGTTAGCAATAGTAG,CD4mem
TGGTTAGTCCCTATTA,CD4mem
TGTAAGCTCCGACAGC,CD4mem
TGTACAGGTATGAGCG,CD4mem
TGTAGACAGGCTCTCG,CD4mem
TGTGGCGTCCCTCTCC,CD4mem
TGTGTGACACTGCATA,CD4mem
TGTTCATTCTGGGTCG,CD4mem
TGTTCCGAGTGGTGGT,CD4mem
TTAATCCAGTCACGCC,CD4mem
TTAATCCGTCCAGTTA,CD4mem
TTACAGGTCATCTATC,CD4mem
TTACCATCACAGCATT,CD4mem
TTACCATCAGACCAGA,CD4mem
TTACCGCAGAAGCGAA,CD4mem
TTAGGCACAATAGTCC,CD4mem
TTCAATCTCTCCGATC,CD4mem
TTCATTGAGCAAGGAA,CD4mem
TTCCACGTCCAATGCA,CD4mem
TTCCACGTCGGATACT,CD4mem
TTCCTAAAGCTAGATA,CD4mem
TTCCTCTCATCAGCGC,CD4mem
TTCCTTCAGTGCAGCA,CD4mem
TTCCTTCGTATGACAA,CD4mem
TTCGGTCCATATTCGG,CD4mem
TTCTCTCCAGCACCCA,CD4mem
TTCTCTCGTTGGGTAG,CD4mem
TTCTGTACACCAAAGG,CD4mem
TTCTGTAGTCGTACAT,CD4mem
TTCTGTATCTACACTT,CD4mem
TTCTTCCTCACTGGGC,CD4mem
TTGAACGAGATGGTCG,CD4mem
TTGCATTAGAGTGTGC,CD4mem
TTGCATTGTAGCGAGT,CD4mem
TTGCCTGAGCCGGATA,CD4mem
TTGCCTGTCGAGTGGA,CD4mem
TTGCTGCCATGGCGCT,CD4mem
TTGCTGCGTAAGCAAT,CD4mem
TTGGATGCAGGACGAT,CD4mem
TTGTTGTTCGAAACAA,CD4mem
TTGTTTGAGGTCACCC,CD4mem
TTTACCAGTGCCGGTT,CD4mem
TTTACGTTCATCGACA,CD4mem
TTTACTGGTTCAGGTT,CD4mem
TTTACTGTCCCATTCG,CD4mem
TTTAGTCAGAGGGCGA,CD4mem
TTTCACACAACACTAC,CD4mem
TTTCATGAGCGATGGT,CD4mem
TTTCATGCAATGCAGG,CD4mem
TTTCCTCTCGGTCTAA,CD4mem
TTTCGATCACGTCTCT,CD4mem
TTTGACTCAAGCCCAC,CD4mem
TTTGATCCAAGGAGTC,CD4mem
TTTGATCGTTAAGCAA,CD4mem
TTTGGAGGTATCGATC,CD4mem
TTTGGTTGTTGGAGAC,CD4mem
AAACGAATCATGAGAA,CD4nav
AAACGCTAGGATAATC,CD4nav
AAAGGATAGCCGGATA,CD4nav
AAAGGGCCATTGTGCA,CD4nav
AAAGGTAAGCGACATG,CD4nav
AAAGGTAAGGTGCTTT,CD4nav
AAAGGTAGTAAGTTAG,CD4nav
AAAGGTATCATTTACC,CD4nav
AAAGTCCAGTTAGTGA,CD4nav
AAAGTCCTCCACAGGC,CD4nav
AACAAAGAGGTAACTA,CD4nav
AACAAAGGTTGGGACA,CD4nav
AACAAAGTCGCAGTGC,CD4nav
AACAACCGTCTCAGGC,CD4nav
AACCACACATGACACT,CD4nav
AACCTGACAATAGTGA,CD4nav
AACTTCTAGAAATTCG,CD4nav
AACTTCTGTTGTACGT,CD4nav
AAGACTCTCACTTGGA,CD4nav
AAGATAGAGTAGAATC,CD4nav
AAGCATCCAATGCTCA,CD4nav
AAGCCATAGTCTTCCC,CD4nav
AAGCGAGCAACGCATT,CD4nav
AAGCGTTGTGTCACAT,CD4nav
AAGGTAAGTCCTATAG,CD4nav
AAGTACCTCGCCTTTG,CD4nav
AAGTGAACAAGAGATT,CD4nav
AAGTGAACAAGTGGGT,CD4nav
AAGTGAATCTTCTGGC,CD4nav
AAGTTCGGTTAAACCC,CD4nav
AATCACGAGTTGGGAC,CD4nav
AATCACGCAGGAAGTC,CD4nav
AATCACGGTTACAGCT,CD4nav
AATCGTGAGCTTGTTG,CD4nav
AATCGTGCAGAACTAA,CD4nav
AATGAAGCAGATGCGA,CD4nav
AATGAAGTCCCTAGGG,CD4nav
AATGGAAAGCGTGCTC,CD4nav
AATGGCTTCACTGCTC,CD4nav
AATGGCTTCCCTGGTT,CD4nav
AATGGCTTCGAACGGA,CD4nav
AATTCCTTCGGCATAT,CD4nav
ACAAGCTAGGTAGTAT,CD4nav
ACACAGTAGTCGAAAT,CD4nav
ACACGCGGTATGCGTT,CD4nav
ACACTGAAGCGCCTAC,CD4nav
ACACTGATCATTACCT,CD4nav
ACAGCCGGTTCTAAGC,CD4nav
ACATCCCTCTCTCAAT,CD4nav
ACATGCACAGTGAGCA,CD4nav
ACATTTCAGCTGACAG,CD4nav
ACATTTCCAGCTGTGC,CD4nav
ACCAAACTCATTTGCT,CD4nav
ACCAACAAGCTAGAAT,CD4nav
ACCAACACATCGTCCT,CD4nav
ACCAACATCGTTCTCG,CD4nav
ACCCAAAAGCGACAGT,CD4nav
ACCCAAAAGTGTAGTA,CD4nav
ACCTGAACAGCACGAA,CD4nav
ACCTGAAGTGGAAATT,CD4nav
ACGATCACAGTTGTCA,CD4nav
ACGATCACATGCAGGA,CD4nav
ACGATCATCGGAGTGA,CD4nav
ACGCACGTCTCATTGT,CD4nav
ACGGAAGCATGGCCCA,CD4nav
ACGGAAGTCGTTACCC,CD4nav
ACGGTCGCAACGGCCT,CD4nav
ACGGTCGCACAAATGA,CD4nav
ACGTAACTCAGGACAG,CD4nav
ACGTAACTCTAGTTCT,CD4nav
ACGTACAAGTAACGTA,CD4nav
ACGTAGTGTATCACGT,CD4nav
ACGTCCTGTAACGTTC,CD4nav
ACGTCCTTCACCCTTG,CD4nav
ACTACGATCTACGCGG,CD4nav
ACTATCTAGCTGGCCT,CD4nav
ACTATCTTCTGCCTGT,CD4nav
ACTATCTTCTTCTGGC,CD4nav
ACTCCCAGTCACTACA,CD4nav
ACTCCCATCCGTATAG,CD4nav
ACTCCCATCGATTCCC,CD4nav
ACTCTCGAGTAACAGT,CD4nav
ACTGATGTCTCACTCG,CD4nav
ACTGCAAGTGATTCAC,CD4nav
ACTGTCCTCCCATAAG,CD4nav
ACTGTCCTCGTAACAC,CD4nav
ACTGTCCTCTCTGCTG,CD4nav
ACTGTGAAGCTGAGTG,CD4nav
ACTGTGACAAGAGGTC,CD4nav
ACTTAGGTCTAGACCA,CD4nav
ACTTATCAGTATGACA,CD4nav
ACTTATCGTGACAACG,CD4nav
ACTTCGCCACTTGGGC,CD4nav
ACTTTCAGTTTCAGAC,CD4nav
ACTTTGTAGGATGAGA,CD4nav
AGAACCTAGAGCATAT,CD4nav
AGAACCTAGTAGAGTT,CD4nav
AGAAGTATCTCAACGA,CD4nav
AGAAGTATCTGTGTGA,CD4nav
AGACACTAGGCAGGGA,CD4nav
AGACACTTCGCTGTCT,CD4nav
AGACTCAGTATCCTTT,CD4nav
AGAGAATCAATCGAAA,CD4nav
AGAGAGCAGCTGGCTC,CD4nav
AGAGCCCAGTACGAGC,CD4nav
AGAGCCCTCCGATAAC,CD4nav
AGAGCCCTCTAAGCCA,CD4nav
AGATAGACAAGAGAGA,CD4nav
AGATAGACATCTAGAC,CD4nav
AGATCCAAGTCGCCAC,CD4nav
AGATGCTCACTTGAAC,CD4nav
AGATGCTTCGCATGAT,CD4nav
AGCATCAGTTGGCCGT,CD4nav
AGCCAATCAGCTCCTT,CD4nav
AGCCACGTCCGTCAAA,CD4nav
AGCCACGTCTACGCGG,CD4nav
AGCGATTTCCGTGGGT,CD4nav
AGCGCCATCGCCAGAC,CD4nav
AGCGTATCATCTATCT,CD4nav
AGCGTATTCAACACGT,CD4nav
AGCTCAACATGAATAG,CD4nav
AGGAATACAGGGAATC,CD4nav
AGGACGAAGAGTGTGC,CD4nav
AGGACGAGTAGCCAGA,CD4nav
AGGATAAAGGTCCCTG,CD4nav
AGGATCTCAATGAACA,CD4nav
AGGATCTGTTGGGACA,CD4nav
AGGCATTCATCCGTTC,CD4nav
AGGCCACCAGACTGCC,CD4nav
AGGCTGCCAAAGCTCT,CD4nav
AGGCTGCCAGAGGCAT,CD4nav
AGGGCCTAGTACAGCG,CD4nav
AGGGCCTGTTTAGACC,CD4nav
AGGGCTCAGTTGGAGC,CD4nav
AGGTAGGGTCGATGCC,CD4nav
AGGTCATAGATTGACA,CD4nav
AGGTCATGTCAGGTGA,CD4nav
AGGTTACTCCGTAGTA,CD4nav
AGGTTACTCTTCCACG,CD4nav
AGTAACCCAATTGAGA,CD4nav
AGTAACCGTATGACAA,CD4nav
AGTAACCTCTTAAGGC,CD4nav
AGTACCAGTACGTACT,CD4nav
AGTACCATCCATAAGC,CD4nav
AGTAGCTCAACTCGAT,CD4nav
AGTCACACACTGGAAG,CD4nav
AGTCACACAGTAGGAC,CD4nav
AGTCTCCAGACATAAC,CD4nav
AGTCTCCCAGGCCTGT,CD4nav
AGTGACTAGAGAACCC,CD4nav
AGTGATCAGCCGTTGC,CD4nav
AGTGCCGTCTCAGAAC,CD4nav
AGTGTTGAGGTACTGG,CD4nav
AGTTAGCGTGCTGATT,CD4nav
AGTTAGCTCTTCGACC,CD4nav
ATACCGAGTACCACGC,CD4nav
ATACCTTCAGCTCGGT,CD4nav
ATACCTTCAGGCCCTA,CD4nav
ATACCTTGTCGTGCCA,CD4nav
ATACTTCTCGCAGTGC,CD4nav
ATAGACCCATCCGAAT,CD4nav
ATAGACCTCTAGGCAT,CD4nav
ATAGAGAAGTGCGACA,CD4nav
ATAGGCTCAGGTGTGA,CD4nav
ATCACTTGTTAACCTG,CD4nav
ATCAGGTGTGCCGTTG,CD4nav
ATCAGGTTCACGAACT,CD4nav
ATCAGGTTCATACAGC,CD4nav
ATCATTCAGCCTCAAT,CD4nav
ATCATTCCACATAGCT,CD4nav
ATCATTCTCCCGTTGT,CD4nav
ATCCACCAGGAATCGC,CD4nav
ATCCACCAGTGTTCAC,CD4nav
ATCCATTTCTGGCCAG,CD4nav
ATCCTATTCTTGGATG,CD4nav
ATCGATGCAGTCGGAA,CD4nav
ATCGATGTCTGGTGGC,CD4nav
ATCGGATCAGGTCTCG,CD4nav
ATCGGCGTCGGTAACT,CD4nav
ATCGTAGAGACCAAAT,CD4nav
ATCGTAGAGGGCAACT,CD4nav
ATCGTCCAGTCACACT,CD4nav
ATCGTCCGTCCAGTTA,CD4nav
ATCTTCACAACAGCTT,CD4nav
ATCTTCACACGGATCC,CD4nav
ATGACCAGTCCTTAAG,CD4nav
ATGACCATCCTTGACC,CD4nav
ATGAGGGAGGTCTGGA,CD4nav
ATGAGTCCAAAGAACT,CD4nav
ATGAGTCTCCACTGGG,CD4nav
ATGATCGAGCCTTGAT,CD4nav
ATGATCGTCAAGAGTA,CD4nav
ATGGAGGGTATGGTTC,CD4nav
ATGGATCAGAGTTGCG,CD4nav
ATGGGAGTCAGTCCGG,CD4nav
ATGGGTTTCGAATGCT,CD4nav
ATGGTTGAGTCGCTAT,CD4nav
ATGGTTGGTCTTCCGT,CD4nav
ATGTCCCAGAGAGCAA,CD4nav
ATGTCCCCACCGCTAG,CD4nav
ATTACCTCAAGTAGTA,CD4nav
ATTACCTTCGAAGAAT,CD4nav
ATTACCTTCTGACAGT,CD4nav
ATTATCCCATCTAGAC,CD4nav
ATTCCATTCAGCCTCT,CD4nav
ATTCCCGCATTCGGGC,CD4nav
ATTCCCGTCATTGTGG,CD4nav
ATTCCTATCTGGTTGA,CD4nav
ATTCGTTGTTGTTTGG,CD4nav
ATTCTACGTTTGGCTA,CD4nav
ATTCTTGGTCCAGCCA,CD4nav
ATTGGGTCAATAAGGT,CD4nav
ATTGGGTCATGACCCG,CD4nav
ATTGTTCGTGAGTAGC,CD4nav
ATTTACCAGCGGGTAT,CD4nav
ATTTCACGTGCTCTTC,CD4nav
CAACAGTAGAACAAGG,CD4nav
CAACCAAAGGTGCCTC,CD4nav
CAACCAATCACGGGAA,CD4nav
CAACCTCAGGCACGAT,CD4nav
CAACCTCGTGGTTCTA,CD4nav
CAACGATTCACTTGTT,CD4nav
CAAGACTCAACTCGTA,CD4nav
CAAGGGAGTGCACGCT,CD4nav
CAATACGAGGATACAT,CD4nav
CAATGACTCTTTCCGG,CD4nav
CACAACACAGCCTATA,CD4nav
CACAACAGTCAGACTT,CD4nav
CACACAAGTGAAAGTT,CD4nav
CACAGATCACTCATAG,CD4nav
CACAGATGTAGAAACT,CD4nav
CACAGATGTCAGACGA,CD4nav
CACAGATTCGCTATTT,CD4nav
CACAGGCCAACCCTCT,CD4nav
CACAGGCGTAGTAAGT,CD4nav
CACCAAAAGACATGCG,CD4nav
CACCGTTCAGAACCGA,CD4nav
CACGTTCCAGCGGTTC,CD4nav
CACGTTCGTACTAACC,CD4nav
CACGTTCTCAAGCTTG,CD4nav
CACTAAGAGTGTTGAA,CD4nav
CACTAAGAGTTTGGCT,CD4nav
CACTAAGCACTCAAGT,CD4nav
CACTAAGGTATCGGTT,CD4nav
CACTAAGGTGTTGCCG,CD4nav
CACTGAAAGCGATGGT,CD4nav
CACTGAAAGTGAATAC,CD4nav
CACTGTCGTCGCAACC,CD4nav
CACTTCGTCCTATGGA,CD4nav
CAGATACTCTTGTTAC,CD4nav
CAGATCAAGATTGAGT,CD4nav
CAGATCAAGGGCTGAT,CD4nav
CAGATCAGTGATAGTA,CD4nav
CAGATCAGTTCATCTT,CD4nav
CAGCAATGTTGATGTC,CD4nav
CAGCACGAGCACTGGA,CD4nav
CAGCAGCAGTGAGGCT,CD4nav
CAGCCAGCAAGGTCGA,CD4nav
CAGCCAGTCGATACTG,CD4nav
CAGCGTGAGGCCTTGC,CD4nav
CAGGTATGTCGTTGCG,CD4nav
CAGGTATTCGTCGATA,CD4nav
CAGGTATTCTCGAACA,CD4nav
CAGTGCGGTCAGGTGA,CD4nav
CAGTGCGGTGTTTACG,CD4nav
CAGTGCGTCTGATGGT,CD4nav
CAGTTCCAGGGCAAGG,CD4nav
CATAAGCCACTAGAGG,CD4nav
CATACTTTCGGCCCAA,CD4nav
CATACTTTCTCGACCT,CD4nav
CATCCACGTGTGTGGA,CD4nav
CATCCACTCGAGTTGT,CD4nav
CATCCCACACCGTGGT,CD4nav
CATCCGTAGTGGCCTC,CD4nav
CATCCGTTCATTACGG,CD4nav
CATCGTCTCAGTGGGA,CD4nav
CATGCAAGTACAAACA,CD4nav
CATGCCTGTTTAGTCG,CD4nav
CATGCGGCAGTTTGGT,CD4nav
CATGGATCAATCGAAA,CD4nav
CATGGTAAGATTAGTG,CD4nav
CATGGTACAGCCTACG,CD4nav
CATGGTAGTCTTGAAC,CD4nav
CATTGCCCATGGCCAC,CD4nav
CATTGCCTCACCCATC,CD4nav
CATTGCCTCCTCTGCA,CD4nav
CATTGCCTCGACCAAT,CD4nav
CATTGTTAGCGACTAG,CD4nav
CATTTCAAGAGAGCAA,CD4nav
CCAATGAAGTGATGGC,CD4nav
CCAATTTAGTTAGTAG,CD4nav
CCAATTTCAGCTCGGT,CD4nav
CCAATTTTCGTAGGGA,CD4nav
CCACAAATCAGTGTTG,CD4nav
CCACACTAGCACCAGA,CD4nav
CCACCATTCGCAATTG,CD4nav
CCACGAGTCCGTGACG,CD4nav
CCACGAGTCGAATGCT,CD4nav
CCACGTTGTACAGAAT,CD4nav
CCACGTTGTCGCCACA,CD4nav
CCACGTTGTGGTTCTA,CD4nav
CCACTTGTCGATCCCT,CD4nav
CCATCACTCTGCTCTG,CD4nav
CCCAACTCACGAAAGC,CD4nav
CCCATTGAGTCATCGT,CD4nav
CCCTAACTCTTGCAAG,CD4nav
CCCTCAATCGAGAAAT,CD4nav
CCCTCTCCAGGATCTT,CD4nav
CCCTGATTCCGAACGC,CD4nav
CCCTTAGGTTCTGAGT,CD4nav
CCGATCTTCGTGAGAG,CD4nav
CCGATGGTCGCTGCGA,CD4nav
CCGCAAGAGCCGTTAT,CD4nav
CCGCAAGGTAACATCC,CD4nav
CCGCAAGGTATACCCA,CD4nav
CCGCAAGTCCCGAATA,CD4nav
CCGGACAAGCAGAAAG,CD4nav
CCGGACAGTCACCACG,CD4nav
CCGGGTACAAGAGAGA,CD4nav
CCGGGTACATGACGTT,CD4nav
CCGGTGAAGCTGACTT,CD4nav
CCGTAGGCAGGTGAGT,CD4nav
CCTAACCTCCTAGCTC,CD4nav
CCTAAGAGTTTGAAAG,CD4nav
CCTCAACAGACGCAGT,CD4nav
CCTCACAGTGGATTTC,CD4nav
CCTCACATCTGTGCGG,CD4nav
CCTCATGTCTTCGCTG,CD4nav
CCTCCAAAGTTGCCTA,CD4nav
CCTGCATGTACGAGTG,CD4nav
CCTGTTGCAAATTGCC,CD4nav
CGAAGTTTCCGTAGTA,CD4nav
CGAAGTTTCCTCTCGA,CD4nav
CGAATTGCAGGGATAC,CD4nav
CGAATTGGTCAACCTA,CD4nav
CGACAGCTCGACCACG,CD4nav
CGAGGAACACCCTTGT,CD4nav
CGAGGAACACTGCACG,CD4nav
CGAGGAATCACATCAG,CD4nav
CGAGGCTCACCCTTGT,CD4nav
CGAGTGCGTAACCCTA,CD4nav
CGAGTTAGTAGCGCCT,CD4nav
CGAGTTAGTTTGACAC,CD4nav
CGATCGGGTCGCTCGA,CD4nav
CGATGGCGTCTGTAGT,CD4nav
CGCAGGTCAGCAGTCC,CD4nav
CGCATAACAGGCTATT,CD4nav
CGCATGGTCCATCAGA,CD4nav
CGCATGGTCTACCAGA,CD4nav
CGCCATTCATATCTGG,CD4nav
CGCGTGACACAAAGTA,CD4nav
CGGAACCCACTGCACG,CD4nav
CGGAACCGTTAGGGAC,CD4nav
CGGAACCGTTTCGGCG,CD4nav
CGGAATTAGATGGTCG,CD4nav
CGGAGAAAGGCGAACT,CD4nav
CGGAGAATCTAGAACC,CD4nav
CGGGCATCAACCGCCA,CD4nav
CGGGCATCACCCTGTT,CD4nav
CGGGCATCAGCAGTGA,CD4nav
CGGGCATTCATTCATC,CD4nav
CGGGTCATCTTCGTGC,CD4nav
CGTAAGTAGTGGTCAG,CD4nav
CGTAATGAGTTGCTCA,CD4nav
CGTAATGCAACCGGAA,CD4nav
CGTAGTAGTGTGTCCG,CD4nav
CGTAGTATCGGCTATA,CD4nav
CGTCAAACAATGGGTG,CD4nav
CGTCCATAGGGAGTGG,CD4nav
CGTGATAAGGTGCTAG,CD4nav
CGTGTCTTCGAAATCC,CD4nav
CGTTAGAAGAGGCGGA,CD4nav
CGTTCTGAGTTGGAGC,CD4nav
CGTTGGGTCAGCTCTC,CD4nav
CTACAGAGTCACTCGG,CD4nav
CTACATTTCACCCTCA,CD4nav
CTACCTGGTACGATTC,CD4nav
CTACGGGGTTAACAGA,CD4nav
CTACTATCACGGCGTT,CD4nav
CTAGACACAGAGCGTA,CD4nav
CTAGACAGTAGTGGCA,CD4nav
CTAGACATCATCTACT,CD4nav
CTAGGTAAGAAGTATC,CD4nav
CTAGGTAAGTTCTACG,CD4nav
CTAGGTAGTAACACCT,CD4nav
CTATCTAAGTGGATAT,CD4nav
CTATCTACAATCTCGA,CD4nav
CTATCTAGTCGGTACC,CD4nav
CTCAAGAGTATCCCTC,CD4nav
CTCACTGAGTTACGAA,CD4nav
CTCACTGTCCCATTCG,CD4nav
CTCAGAAGTCTAACGT,CD4nav
CTCAGGGAGTTGGCGA,CD4nav
CTCAGGGCAAGGTACG,CD4nav
CTCAGGGGTGAATATG,CD4nav
CTCAGGGTCCCGAGGT,CD4nav
CTCAGGGTCGAGTACT,CD4nav
CTCAGTCGTACTAACC,CD4nav
CTCATGCCATACAGGG,CD4nav
CTCATTACAGGTGGAT,CD4nav
CTCATTACATTGCCTC,CD4nav
CTCATTAGTAGAGATT,CD4nav
CTCCAACCAACGTATC,CD4nav
CTCCATGAGACGGATC,CD4nav
CTCCATGAGCATGCAG,CD4nav
CTCCCTCAGCTCGAAG,CD4nav
CTCCTCCAGCGGGTTA,CD4nav
CTCCTTTGTGGTAATA,CD4nav
CTCCTTTTCACCCTCA,CD4nav
CTCCTTTTCACGATCA,CD4nav
CTCTCAGCACCATTCC,CD4nav
CTCTCGACAATACGAA,CD4nav
CTCTGGTAGCAGGTCA,CD4nav
CTGAATGCATTGTAGC,CD4nav
CTGAGGCAGCCGATAG,CD4nav
CTGATCCGTGCAAGAC,CD4nav
CTGATCCTCACGGAGA,CD4nav
CTGATCCTCTGCAGCG,CD4nav
CTGCCTACAGGTCTCG,CD4nav
CTGCCTAGTCTGTGTA,CD4nav
CTGCCTATCGTCTACC,CD4nav
CTGGACGGTGGCGCTT,CD4nav
CTGGACGTCATAGGCT,CD4nav
CTGGCAGCACTCAGAT,CD4nav
CTGGCAGGTTTCAGAC,CD4nav
CTGGTCTCAGGCCTGT,CD4nav
CTGTACCGTAAGTCAA,CD4nav
CTGTAGACAGCACAAG,CD4nav
CTGTAGAGTTGTAAAG,CD4nav
CTGTATTGTGACTATC,CD4nav
CTGTGAACAATGAACA,CD4nav
CTGTGGGCACGCGCAT,CD4nav
CTGTGGGCACTCCCTA,CD4nav
CTTACCGCATGGAGAC,CD4nav
CTTAGGAAGTTGCCCG,CD4nav
CTTAGGACAATGTGGG,CD4nav
CTTCAATTCTATCGGA,CD4nav
CTTCCGACACTGCTTC,CD4nav
CTTCCGATCGATACGT,CD4nav
CTTCCTTGTTCCTACC,CD4nav
CTTCGGTGTACGACTT,CD4nav
CTTCGGTGTTCTCACC,CD4nav
CTTCGGTGTTTGCCGG,CD4nav
CTTGATTAGCGACAGT,CD4nav
CTTGATTAGGAGAATG,CD4nav
CTTGATTCAAGACAAT,CD4nav
CTTTCGGGTCAATCTG,CD4nav
GAAACCTAGCTAAATG,CD4nav
GAAACCTCACTTGGGC,CD4nav
GAAATGACATACACCA,CD4nav
GAAATGATCTGGACTA,CD4nav
GAACACTCATTCGGGC,CD4nav
GAACACTTCTGATGGT,CD4nav
GAACGTTTCAAGGAGC,CD4nav
GAACTGTCACGACCTG,CD4nav
GAACTGTGTTCTCAGA,CD4nav
GAAGAATAGAGCACTG,CD4nav
GAAGCCCCAGTGCGCT,CD4nav
GAAGCCCGTAGTAAGT,CD4nav
GAAGGGTGTGGATCAG,CD4nav
GAAGTAAGTAACAAGT,CD4nav
GAATAGAAGTCTGGAG,CD4nav
GAATCACGTGCATACT,CD4nav
GACACGCCAGCAATTC,CD4nav
GACACGCGTACGTGAG,CD4nav
GACAGCCTCACCTACC,CD4nav
GACATCATCCTCTAGC,CD4nav
GACCAATCACATATCG,CD4nav
GACCAATGTATGAGAT,CD4nav
GACCCAGCATCAGCAT,CD4nav
GACCCTTAGGGCTAAC,CD4nav
GACCGTGCACAACGCC,CD4nav
GACCGTGTCACCGGTG,CD4nav
GACGCTGTCTGACGCG,CD4nav
GACGTTAAGTCACACT,CD4nav
GACGTTATCGCCTTGT,CD4nav
GACTATGCACTTCATT,CD4nav
GACTCTCCACGATAGG,CD4nav
GACTCTCGTGGCGCTT,CD4nav
GACTCTCTCGGACGTC,CD4nav
GACTGATAGACTCTAC,CD4nav
GACTGATCAGGGACTA,CD4nav
GAGACCCAGCTCGCAC,CD4nav
GAGACCCAGGCCTAAG,CD4nav
GAGACCCTCCCTATTA,CD4nav
GAGACTTCAAATCGGG,CD4nav
GAGACTTGTTCCGCTT,CD4nav
GAGAGGTAGCGATCGA,CD4nav
GAGAGGTAGCTCGTGC,CD4nav
GAGATGGAGTAAAGCT,CD4nav
GAGATGGCAGGGCTTC,CD4nav
GAGATGGTCACGATAC,CD4nav
GAGCTGCGTCGAAACG,CD4nav
GAGGCAAAGTTGCGAG,CD4nav
GAGGCAACACGAGGAT,CD4nav
GAGGCAAGTGGTGATG,CD4nav
GAGGGATGTGGAATGC,CD4nav
GAGTCTAGTGACTGAG,CD4nav
GAGTGTTAGCGTCAGA,CD4nav
GAGTTACTCCGTGTCT,CD4nav
GAGTTTGTCGTGACTA,CD4nav
GATAGCTAGCGCTGCT,CD4nav
GATCACAAGTATGATG,CD4nav
GATCACACAAAGTATG,CD4nav
GATCATGCATTGCCGG,CD4nav
GATCATGTCAGTGGGA,CD4nav
GATGACTAGAGGACTC,CD4nav
GATGACTGTCGACGCT,CD4nav
GATGAGGCAGACTCTA,CD4nav
GATGAGGTCTAGAGCT,CD4nav
GATGATCCAGAGTAAT,CD4nav
GATGCTATCACAGTGT,CD4nav
GATGCTATCATGAGTC,CD4nav
GATGTTGTCAAACCTG,CD4nav
GATTCGATCAACGCTA,CD4nav
GATTCTTTCTTAGGAC,CD4nav
GATTGGTCAGCAGTAG,CD4nav
GCACATATCCACTTTA,CD4nav
GCACGGTCACCCAATA,CD4nav
GCACGGTCAGGCTCTG,CD4nav
GCACTAAGTAACTTCG,CD4nav
GCACTAAGTCCAGCCA,CD4nav
GCAGCTGCACTCATAG,CD4nav
GCAGCTGCATGTGTCA,CD4nav
GCATCTCAGATGCCGA,CD4nav
GCATCTCCATAGCACT,CD4nav
GCATGATCAGACATCT,CD4nav
GCCAGCACAGGCATGA,CD4nav
GCCAGCATCATTCATC,CD4nav
GCCAGGTTCGGATACT,CD4nav
GCCAGTGAGATGCGAC,CD4nav
GCCCAGATCTCTCAAT,CD4nav
GCCGTGACACCTGCTT,CD4nav
GCGAGAACATACTGTG,CD4nav
GCGAGAATCGCGTAGC,CD4nav
GCGGATCGTCCAGCAC,CD4nav
GCTACAAAGAGTCAGC,CD4nav
GCTACCTGTCCGGCAT,CD4nav
GCTCAAAAGCCTGTGC,CD4nav
GCTGAATGTCTTTCAT,CD4nav
GCTGGGTAGCGACTGA,CD4nav
GCTGGGTTCGTGAGAG,CD4nav
GCTTCACAGCCGAATG,CD4nav
GGAACCCAGTATGCAA,CD4nav
GGAACCCCATTGTAGC,CD4nav
GGAACCCTCATAGGCT,CD4nav
GGAATCTAGCACAAAT,CD4nav
GGAATCTAGCACTCTA,CD4nav
GGAATGGAGTTTGGCT,CD4nav
GGATGTTAGCATCGAG,CD4nav
GGCACGTGTGGTCTAT,CD4nav
GGCAGTCGTAGTGTGG,CD4nav
GGCAGTCGTCGGATTT,CD4nav
GGCAGTCGTTAGTTCG,CD4nav
GGCAGTCTCGGTGAAG,CD4nav
GGCGTCATCTAGTTCT,CD4nav
GGCTTGGCATCAACCA,CD4nav
GGCTTTCGTCGGCTAC,CD4nav
GGGAAGTCATGAGTAA,CD4nav
GGGACAATCTAAACGC,CD4nav
GGGACAATCTTTCCAA,CD4nav
GGGACTCTCCTAACAG,CD4nav
GGGATCCAGGGCAGTT,CD4nav
GGGATCCAGTATAACG,CD4nav
GGGATGAAGTACTGTC,CD4nav
GGGCGTTCAAGGGCAT,CD4nav
GGGCTACAGCATCCCG,CD4nav
GGGCTACCAATCCTAG,CD4nav
GGGTATTGTTGGGCCT,CD4nav
GGGTCACAGTCAGCGA,CD4nav
GGGTCTGGTGTCTCCT,CD4nav
GGGTCTGTCGTTCTCG,CD4nav
GGGTGAACAGGCCCTA,CD4nav
GGGTGAATCACCATAG,CD4nav
GGGTGAATCGCATTAG,CD4nav
GGGTGTCCAGACAAGC,CD4nav
GGGTTATCAGTATGAA,CD4nav
GGGTTATGTGGATCAG,CD4nav
GGGTTTAGTTTGACAC,CD4nav
GGTCACGGTTGCGTAT,CD4nav
GGTGAAGGTGGAAATT,CD4nav
GGTGATTCAACTGAAA,CD4nav
GGTGGCTAGCGACCCT,CD4nav
GGTTCTCAGTGCGCTC,CD4nav
GTAACACCAAGTGGAC,CD4nav
GTAACACTCCGATCGG,CD4nav
GTAACCAGTATGAAGT,CD4nav
GTAATGCAGCGACATG,CD4nav
GTAATGCAGTGCACTT,CD4nav
GTAATGCTCCTTCTAA,CD4nav
GTAATGCTCTAACGGT,CD4nav
GTACAACTCCATCTGC,CD4nav
GTACAGTAGTTGGCGA,CD4nav
GTAGATCGTAACAAGT,CD4nav
GTAGATCTCGTTCTAT,CD4nav
GTAGGAGTCCAGTACA,CD4nav
GTAGGTTAGCCATTCA,CD4nav
GTAGGTTGTCAAGGCA,CD4nav
GTAGTACTCACGATAC,CD4nav
GTATTGGGTGGGATTG,CD4nav
GTATTTCGTGACCGTC,CD4nav
GTATTTCTCGTCAAAC,CD4nav
GTCAAACTCAAGATAG,CD4nav
GTCATCCTCGCGTGAC,CD4nav
GTCATCCTCGGTCAGC,CD4nav
GTCATGACACCGAATT,CD4nav
GTCATGACACCGCTAG,CD4nav
GTCATGAGTATTTCGG,CD4nav
GTCCACTAGTGGTTGG,CD4nav
GTCGAATAGCTAAATG,CD4nav
GTCGAATGTACCTAAC,CD4nav
GTCGCGATCATGCAGT,CD4nav
GTCGTAACAATAGTGA,CD4nav
GTCGTTCGTAGCCAGA,CD4nav
GTCTAGACATCTATCT,CD4nav
GTCTCACTCGAAGGAC,CD4nav
GTCTGTCCAGGAGGAG,CD4nav
GTCTTTACATGGAATA,CD4nav
GTGAGGAAGAGTGTGC,CD4nav
GTGAGGATCCTTATGT,CD4nav
GTGAGTTAGGACAAGA,CD4nav
GTGCAGCAGTGGTGAC,CD4nav
GTGCTTCCATGTCTAG,CD4nav
GTGCTTCTCCTAGCCT,CD4nav
GTGGAAGAGGGAGGCA,CD4nav
GTGGAAGGTGGACCTC,CD4nav
GTGGAAGTCATGGAGG,CD4nav
GTGGAGAGTGTGACCC,CD4nav
GTGGAGATCAAGCCCG,CD4nav
GTGGAGATCCACTGAA,CD4nav
GTGGTTATCGCTATTT,CD4nav
GTGTAACAGGTTACAA,CD4nav
GTGTAACTCCGCCTAT,CD4nav
GTGTCCTTCACCTACC,CD4nav
GTGTGATCAACATACC,CD4nav
GTGTGATGTCCCGCAA,CD4nav
GTGTTCCAGAACGTGC,CD4nav
GTTACAGGTCTGTAGT,CD4nav
GTTACGATCCTATTTG,CD4nav
GTTACGATCTCCTGAC,CD4nav
GTTAGTGAGTATAGAC,CD4nav
GTTAGTGGTTGCGTAT,CD4nav
GTTCCGTAGAGGATCC,CD4nav
GTTCCGTCATCGCCTT,CD4nav
GTTCTATCAGTGGGTA,CD4nav
GTTGAACCACATGTTG,CD4nav
GTTGCGGAGTAGGTTA,CD4nav
GTTGCGGTCGTGGACC,CD4nav
GTTGTAGTCTCTGAGA,CD4nav
GTTGTCCAGAGCAACC,CD4nav
GTTGTCCTCGGTGTTA,CD4nav
GTTTACTAGAGGGTCT,CD4nav
GTTTACTGTGTGTGTT,CD4nav
TAACCAGCATCCGATA,CD4nav
TAACGACCACGTCATA,CD4nav
TAAGCACTCTTTGCGC,CD4nav
TAAGCCACAAAGCGTG,CD4nav
TAAGCCACAAGAAACT,CD4nav
TAAGCCAGTCCTACAA,CD4nav
TAAGTCGAGTTAACGA,CD4nav
TAAGTCGTCAACTGGT,CD4nav
TAATCTCAGGTACTGG,CD4nav
TAATCTCTCTCGTTTA,CD4nav
TACAACGCACTCTCGT,CD4nav
TACATTCAGCATTTGC,CD4nav
TACCCACGTTGATGTC,CD4nav
TACCCGTAGCCTGAAG,CD4nav
TACCCGTCAGCTGAAG,CD4nav
TACCCGTCATAGGTAA,CD4nav
TACCCGTCATTATGCG,CD4nav
TACCCGTTCTGTCCGT,CD4nav
TACCGGGGTAGCTCGC,CD4nav
TACCTCGCAAAGGCTG,CD4nav
TACGGTAAGCGTGAAC,CD4nav
TACGGTAGTCGCGTCA,CD4nav
TACGGTAGTCTCGGGT,CD4nav
TACTTCAAGACCAGAC,CD4nav
TAGACCACAGTATACC,CD4nav
TAGACTGGTATTTCCT,CD4nav
TAGAGTCAGCTCGGCT,CD4nav
TAGAGTCTCACCTACC,CD4nav
TAGGAGGAGTGCTCAT,CD4nav
TAGGGTTCAGCTCATA,CD4nav
TAGGGTTTCATGGAGG,CD4nav
TAGGGTTTCCCAGGAC,CD4nav
TAGGGTTTCTGAACGT,CD4nav
TAGGTTGCATGCTGCG,CD4nav
TAGTGCAAGTGAGTGC,CD4nav
TAGTGCACAGTCGCAC,CD4nav
TAGTGCATCCATTGCC,CD4nav
TATATCCCAACCACAT,CD4nav
TATCAGGAGAATACAC,CD4nav
TATCAGGAGCATCGAG,CD4nav
TATCCTAGTTCCTACC,CD4nav
TATCTGTGTTAATGAG,CD4nav
TATCTGTTCTTCGTAT,CD4nav
TATGTTCCAGCAAGAC,CD4nav
TATTCCAGTCCCGCAA,CD4nav
TATTGCTGTCGCACGT,CD4nav
TCAATCTCAAAGGATT,CD4nav
TCAATCTGTAGGCAAC,CD4nav
TCAATCTTCTGTCTCG,CD4nav
TCAATTCTCAAGCTTG,CD4nav
TCAATTCTCTGAGTCA,CD4nav
TCACAAGAGTCTGGAG,CD4nav
TCACAAGCAGTTAGAA,CD4nav
TCACACCAGAGCATCG,CD4nav
TCACACCTCAAGTCTG,CD4nav
TCACATTCATGGCGCT,CD4nav
TCACATTGTTATCTGG,CD4nav
TCACGCTTCTCCCTAG,CD4nav
TCACGGGGTCTACGAT,CD4nav
TCACGGGGTGATTAGA,CD4nav
TCACGGGGTGGACCAA,CD4nav
TCACGGGGTGGATTTC,CD4nav
TCACTATAGTATGTAG,CD4nav
TCACTCGAGGGTAATT,CD4nav
TCAGCAAAGAGGCGGA,CD4nav
TCAGCAACAGTTGTTG,CD4nav
TCAGCAATCAGTCTTT,CD4nav
TCAGGGCAGAGTTGTA,CD4nav
TCAGGGCCATAAGCAA,CD4nav
TCAGGTAAGTCAACAA,CD4nav
TCAGGTATCTTGGTCC,CD4nav
TCAGTCCCACTTCATT,CD4nav
TCAGTCCCATGACAGG,CD4nav
TCAGTGAAGCAAACAT,CD4nav
TCAGTGAAGTCATTGC,CD4nav
TCAGTGATCGACATAC,CD4nav
TCAGTTTCATCACCAA,CD4nav
TCATACTTCGGTGTTA,CD4nav
TCATCATCAAGCCATT,CD4nav
TCATCCGGTCACTACA,CD4nav
TCATGCCAGTGTAGTA,CD4nav
TCATGCCCAGGGACTA,CD4nav
TCATGTTTCTTGATTC,CD4nav
TCATTACAGGATACCG,CD4nav
TCATTACCATGGCGCT,CD4nav
TCATTCAAGCCATCCG,CD4nav
TCATTCAAGTAGGATT,CD4nav
TCATTCATCAGACAAA,CD4nav
TCATTCATCCAACTAG,CD4nav
TCATTGTTCGCTTACC,CD4nav
TCATTTGTCTACCTTA,CD4nav
TCCACGTCACAAATGA,CD4nav
TCCACGTCAGACCTAT,CD4nav
TCCATCGCATCATCCC,CD4nav
TCCATGCAGCTGAGTG,CD4nav
TCCCACACAGTCAGTT,CD4nav
TCCCAGTCACACACTA,CD4nav
TCCCATGGTTAGAAGT,CD4nav
TCCGAAACAGATCACT,CD4nav
TCCGAAACATAATGAG,CD4nav
TCCGGGAAGATTGTGA,CD4nav
TCCTCCCTCTATTGTC,CD4nav
TCCTTTCAGATTACCC,CD4nav
TCGAAGTTCCTCTAAT,CD4nav
TCGACCTGTCACCCTT,CD4nav
TCGACCTGTCTAACGT,CD4nav
TCGACGGTCCAGTGCG,CD4nav
TCGCACTCACAATGAA,CD4nav
TCGGATAGTAGATCGG,CD4nav
TCGGGACGTCACTACA,CD4nav
TCGGTCTGTGCTCGTG,CD4nav
TCGTGCTTCTATCGGA,CD4nav
TCGTGGGTCATAGCAC,CD4nav
TCTACCGCAAGCGGAT,CD4nav
TCTACCGGTATTCTCT,CD4nav
TCTACCGGTCTTCTAT,CD4nav
TCTATACGTGTTGATC,CD4nav
TCTATACTCGTCCATC,CD4nav
TCTATACTCTACGGGC,CD4nav
TCTATCACAGATACTC,CD4nav
TCTATCACATGGCTAT,CD4nav
TCTATCATCTCGAACA,CD4nav
TCTCTGGAGCGTCTGC,CD4nav
TCTGTCGTCCTGGGAC,CD4nav
TCTTAGTGTATAGCTC,CD4nav
TCTTCCTAGCTCGACC,CD4nav
TCTTTGATCCACACAA,CD4nav
TGAATCGCACAGCCAC,CD4nav
TGAATCGCAGGTTTAC,CD4nav
TGACCCTAGCGTCTGC,CD4nav
TGACGCGTCTCGTCGT,CD4nav
TGACTCCTCGTAGCTA,CD4nav
TGAGACTTCTTAGCTT,CD4nav
TGAGCATGTATCTCGA,CD4nav
TGAGCGCCATACGCAT,CD4nav
TGAGGAGGTTTCGGCG,CD4nav
TGAGGAGTCACCTCTG,CD4nav
TGAGGGAAGGGCAATC,CD4nav
TGAGTCAAGACGAGCT,CD4nav
TGAGTCACAGTTCACA,CD4nav
TGAGTCATCCGTGTGG,CD4nav
TGATCAGAGCTGCGAA,CD4nav
TGATCAGAGGCGTTGA,CD4nav
TGATCTTCACGTCGTG,CD4nav
TGATGCACAAAGTATG,CD4nav
TGATGCAGTTGCCAAT,CD4nav
TGATGGTTCAAGTCTG,CD4nav
TGATTCTCAGGCTATT,CD4nav
TGATTTCAGTCACGAG,CD4nav
TGCACGGTCCACTAGA,CD4nav
TGCAGGCGTAACAGGC,CD4nav
TGCAGTAAGGCGACAT,CD4nav
TGCAGTAAGGTCGAGT,CD4nav
TGCCGAGAGAGCATCG,CD4nav
TGCCGAGAGTTCAACC,CD4nav
TGCCGAGCAGACCGCT,CD4nav
TGCCGAGCAGACTGCC,CD4nav
TGCGACGTCTCGCGTT,CD4nav
TGCTCCACACGAGGAT,CD4nav
TGCTCCAGTATGTCCA,CD4nav
TGCTCGTAGCTCGTGC,CD4nav
TGCTCGTCAGGAATAT,CD4nav
TGCTTCGGTCTTCAAG,CD4nav
TGCTTGCCACATATGC,CD4nav
TGGAACTGTAGGTACG,CD4nav
TGGAGAGTCACCTCTG,CD4nav
TGGAGGATCTAAGAAG,CD4nav
TGGATCACAGGAACCA,CD4nav
TGGCGTGGTAGTGGCA,CD4nav
TGGGAAGGTTGAAGTA,CD4nav
TGGGAAGGTTGGTACT,CD4nav
TGGGAGAGTGCAATGG,CD4nav
TGGGATTCAAAGCACG,CD4nav
TGGGATTTCAGCGTCG,CD4nav
TGGGTTAAGTTCTCTT,CD4nav
TGGTACACACGACGAA,CD4nav
TGGTACAGTGTAGGAC,CD4nav
TGGTACATCCATGATG,CD4nav
TGGTAGTGTCAATGGG,CD4nav
TGTAAGCGTCATCAGT,CD4nav
TGTAGACTCAGTGTCA,CD4nav
TGTCAGACAGCGTACC,CD4nav
TGTCAGAGTAAGTTGA,CD4nav
TGTCCACGTTATTCTC,CD4nav
TGTCCCAAGCCTCTTC,CD4nav
TGTCCCAGTACCTAAC,CD4nav
TGTGATGAGCCTCAAT,CD4nav
TGTGGCGCAACGTATC,CD4nav
TGTGTGAGTCCAGAAG,CD4nav
TGTTACTTCCATATGG,CD4nav
TGTTGGAAGCGAATGC,CD4nav
TGTTGGAAGGTACAAT,CD4nav
TGTTGGAGTCCAGCCA,CD4nav
TGTTTGTCATGTGGCC,CD4nav
TTACCATCAGGCGATA,CD4nav
TTACGCCCATGAAAGT,CD4nav
TTACGCCTCTCAAAGC,CD4nav
TTACGTTTCCATCGTC,CD4nav
TTACGTTTCTAGGCAT,CD4nav
TTACTGTCAACCGCTG,CD4nav
TTAGGCAGTTCGTACA,CD4nav
TTAGGGTTCAAGCCGC,CD4nav
TTAGTCTAGCGAGTCA,CD4nav
TTAGTCTCAGGGCTTC,CD4nav
TTAGTCTGTAAGAACT,CD4nav
TTCAATCCAAGTGACG,CD4nav
TTCAATCGTCATAAAG,CD4nav
TTCAGGATCCTGGGTG,CD4nav
TTCATGTAGCACTCCG,CD4nav
TTCATGTTCAAGATAG,CD4nav
TTCATTGGTAACATCC,CD4nav
TTCCAATAGACTTAAG,CD4nav
TTCCACGCACTGCGAC,CD4nav
TTCCGGTCATGACTTG,CD4nav
TTCCGTGGTTGTAGCT,CD4nav
TTCCGTGTCATCTGTT,CD4nav
TTCCTAAGTTTCTATC,CD4nav
TTCCTCTCACTACACA,CD4nav
TTCCTTCCACTTCATT,CD4nav
TTCGATTAGAAAGCGA,CD4nav
TTCGATTTCTTGGCTC,CD4nav
TTCGGTCAGCTGGAGT,CD4nav
TTCGGTCGTACAAGTA,CD4nav
TTCTAACAGATGGCAC,CD4nav
TTCTAACTCTTTCCAA,CD4nav
TTCTAGTAGTAAATGC,CD4nav
TTCTCTCAGGCTATCT,CD4nav
TTCTCTCTCGACGCTG,CD4nav
TTCTGTACAAACGAGC,CD4nav
TTCTTGAAGCAATAAC,CD4nav
TTCTTGAGTACAGTCT,CD4nav
TTGAGTGCAATCTCGA,CD4nav
TTGATGGGTTGAGGAC,CD4nav
TTGATGGTCGCTTAAG,CD4nav
TTGCATTAGCAGCCTC,CD4nav
TTGCGTCAGGCTTCCG,CD4nav
TTGCTGCAGAACCCGA,CD4nav
TTGCTGCAGTAGGGTC,CD4nav
TTGGGCGTCGGTGCAC,CD4nav
TTGGGTATCTGTCGTC,CD4nav
TTGTGGAAGATAGGGA,CD4nav
TTGTTCAAGCTGCCTG,CD4nav
TTTACTGAGTGTGTTC,CD4nav
TTTAGTCTCCAATCCC,CD4nav
TTTCACAAGGGAGGAC,CD4nav
TTTCACAGTCTCGGAC,CD4nav
TTTCAGTAGAGAGTGA,CD4nav
TTTCAGTAGCCTTGAT,CD4nav
TTTCAGTTCGACGCGT,CD4nav
TTTCCTCCAATACAGA,CD4nav
TTTCGATAGGGATCGT,CD4nav
TTTCGATAGTTGAAAC,CD4nav
TTTCGATCACAGCTGC,CD4nav
TTTGACTGTCCTTGTC,CD4nav
TTTGACTGTGTCCATA,CD4nav
TTTGATCGTTACGCCG,CD4nav
TTTGGAGAGGTAGCCA,CD4nav
AACACACCAATCCTAG,CD8
AACAGGGAGCGAAACC,CD8
AACCAACTCGAGTACT,CD8
AACCATGCAATGCAAA,CD8
AACGGGAGTGAGATAT,CD8
AACGGGAGTTAGGGTG,CD8
AACGTCAAGACATCAA,CD8
AAGTACCTCGAGTCTA,CD8
AAGTCGTGTCAACGCC,CD8
AATAGAGAGGAAGTGA,CD8
AATAGAGCAGATCCAT,CD8
AATGAAGAGATCCCAT,CD8
ACAAAGAAGTCTGCAT,CD8
ACACCAACAATAGGGC,CD8
ACCACAATCAACGAGG,CD8
ACCATTTTCGTTCATT,CD8
ACCCTCAGTTCCGTTC,CD8
ACCCTTGAGAAGTCAT,CD8
ACGTACACAGGCTCTG,CD8
ACGTAGTTCCACTGGG,CD8
ACTATCTGTCTACGTA,CD8
ACTCTCGGTATGCTTG,CD8
ACTGATGTCTCTGACC,CD8
AGAACCTAGTTGTCAC,CD8
AGAACCTCAGTCAGCC,CD8
AGAAGTACAAGACAAT,CD8
AGACCATGTGGGTATG,CD8
AGAGAATAGACATAGT,CD8
AGATCCAAGTTCCTGA,CD8
AGATCCAGTTTCGCTC,CD8
AGCATCAAGCCAGAGT,CD8
AGCCAATCATTCTGTT,CD8
AGGAAATAGATGCGAC,CD8
AGGACTTTCATGGGAG,CD8
AGGATAAAGTATAGGT,CD8
AGGATAACACATGACT,CD8
AGGCCACTCCCATAAG,CD8
AGGGTCCTCACTCACC,CD8
AGGGTTTCAGGTTCAT,CD8
AGGTAGGTCAAAGAAC,CD8
AGGTGTTCAGCGTACC,CD8
AGTAACCAGGCGTTGA,CD8
AGTAACCCAGAGATGC,CD8
AGTCATGCAGTCAGCC,CD8
AGTTAGCTCACCTGGG,CD8
ATACCTTCACAGACGA,CD8
ATCACGACATGGCTGC,CD8
ATCCCTGTCTAAGCCA,CD8
ATCCGTCGTTTGAACC,CD8
ATCGCCTAGTCAAGCG,CD8
ATCTTCAGTACAGTCT,CD8
ATGAAAGGTATGAGAT,CD8
ATGACCACACAGCTGC,CD8
ATGATCGCATGACACT,CD8
ATGCCTCCACGATAGG,CD8
ATGGGAGAGAGTAACT,CD8
ATGGGTTAGCTGAGCA,CD8
ATTACTCAGGAAAGTG,CD8
ATTACTCCACAGGATG,CD8
ATTATCCCATCCTTCG,CD8
ATTCACTCACACAGAG,CD8
ATTCACTCATGTACGT,CD8
ATTCAGGAGCCTCTGG,CD8
ATTCAGGTCTTACACT,CD8
ATTCATCCATACCGTA,CD8
ATTCATCGTGCCGTTG,CD8
ATTCTTGCAGAGTCTT,CD8
ATTGTTCGTGGACAGT,CD8
ATTTACCTCGTGGAAG,CD8
ATTTCACCAGTACTAC,CD8
ATTTCACTCAAGAATG,CD8
ATTTCTGGTAGACACG,CD8
CAACAACAGCGAAACC,CD8
CAACAACAGCTCGACC,CD8
CAACCTCAGGCTCAAG,CD8
CACAACACACACTTAG,CD8
CACAGATGTTTACGAC,CD8
CACAGATTCTGCCCTA,CD8
CACCGTTAGCCGTTGC,CD8
CACGTTCGTTTGGAGG,CD8
CACTGAACACATTGTG,CD8
CAGCACGAGGGAGTTC,CD8
CAGCGTGTCATTTGTC,CD8
CATACCCCATCGATGT,CD8
CATCCACCACCAGTTA,CD8
CATCCACCATAGCACT,CD8
CATCGCTCAAACCGGA,CD8
CATCGGGAGTCACTAC,CD8
CATGCCTCACCACTGG,CD8
CATGGATAGTTACGAA,CD8
CATGGTACATCGAAGG,CD8
CATTCATAGCGTCAAG,CD8
CATTCATCATGCGGTC,CD8
CATTCATTCCGTTGGG,CD8
CATTGCCTCTATGCCC,CD8
CATTGTTAGTGCAACG,CD8
CCCATTGGTTCACCGG,CD8
CCCGGAAAGTACCGGA,CD8
CCGGACAGTATCGTTG,CD8
CCTACGTTCAGGAACG,CD8
CCTCACACAGGCTCTG,CD8
CCTCACATCGTCTCAC,CD8
CCTCCTCGTACCTAGT,CD8
CCTCTCCCAAACTCTG,CD8
CCTGTTGTCGGTCATA,CD8
CCTTTGGCAGGATCTT,CD8
CCTTTGGGTGCACGCT,CD8
CGAATTGCAACCAGAG,CD8
CGAGGAACACACTTAG,CD8
CGATGCGCATTAGGCT,CD8
CGATGGCCACCAGACC,CD8
CGCCATTCATTGACTG,CD8
CGGAACCAGTGATAAC,CD8
CGGGTGTAGGATTTGA,CD8
CGTCCATTCCTCTCTT,CD8
CGTGCTTGTCAGCGTC,CD8
CGTTCTGGTCCCGTGA,CD8
CTACAGACAATTGAGA,CD8
CTAGACACAAAGAACT,CD8
CTATAGGGTACCGCGT,CD8
CTATAGGTCACGGAGA,CD8
CTATCTATCATGCCGG,CD8
CTCAAGAGTTTACCAG,CD8
CTCAGAAGTAGCTGCC,CD8
CTCAGTCGTAGGATAT,CD8
CTCAGTCTCTACGGGC,CD8
CTCATCGAGTACAACA,CD8
CTCATTACACACCGCA,CD8
CTCCGATTCTCCTGAC,CD8
CTCCTTTCACCATTCC,CD8
CTCCTTTGTTAAGGAT,CD8
CTGCATCTCAATCCAG,CD8
CTGCCATGTTCAGCTA,CD8
CTGCCTATCGATACAC,CD8
CTGGCAGAGCTGCGAA,CD8
CTGTACCCAATCGTCA,CD8
CTGTCGTAGGAGCTGT,CD8
CTTACCGCATTCTCCG,CD8
CTTAGGATCTACCACC,CD8
CTTCCGACACTCAGAT,CD8
CTTCGGTCACGACAAG,CD8
CTTCTCTCAATCGTCA,CD8
CTTCTCTGTCCCTGAG,CD8
CTTTCAAGTCGATTCA,CD8
CTTTCGGCACCATAAC,CD8
GAAACCTTCGGAATTC,CD8
GAAATGATCACCTCAC,CD8
GAAGAATTCGCATTAG,CD8
GAAGCCCCACCAGGTC,CD8
GAAGCCCTCACTGATG,CD8
GAAGTAAGTTTGAACC,CD8
GAATCACGTCTTTATC,CD8
GAATCACTCAGATGCT,CD8
GACCCTTTCGAACCAT,CD8
GACGCTGCACTTGTGA,CD8
GACGTTAAGTATTAGG,CD8
GACTCTCCAGTAACCT,CD8
GAGACCCAGGCTAACG,CD8
GAGAGGTTCTATTGTC,CD8
GAGCCTGAGCCTGGAA,CD8
GAGCCTGTCTCAACGA,CD8
GAGCTGCTCATATGGC,CD8
GAGGCAATCAGTCACA,CD8
GAGGGTACAGCAAGAC,CD8
GAGTGAGGTTTACGAC,CD8
GAGTGTTTCTCCTGAC,CD8
GAGTTGTCATTCACAG,CD8
GATGATCCACCGGCTA,CD8
GATGATCTCCTATGGA,CD8
GCACGGTCAAGAGGTC,CD8
GCATCTCGTATCGCTA,CD8
GCATTAGTCTCAGAAC,CD8
GCCAACGGTGTTATCG,CD8
GCCAGCACATGAAAGT,CD8
GCCCAGAGTGATGGCA,CD8
GCCCGAACATATCTCT,CD8
GCGATCGAGTGAGTTA,CD8
GCTACCTGTTACTCAG,CD8
GCTTCACAGAAGGCTC,CD8
GGAATCTCATTCAGCA,CD8
GGACGTCAGGTGCTTT,CD8
GGACGTCCAAGTTCGT,CD8
GGAGATGCACGCGCAT,CD8
GGATGTTCACATCCCT,CD8
GGCTTGGGTAGCCAGA,CD8
GGGAAGTGTCGGTGTC,CD8
GGGACTCCACAAAGTA,CD8
GGGAGATAGTAAGCAT,CD8
GGGAGATCAGAACCGA,CD8
GGGAGATGTGTAACGG,CD8
GGGAGTATCTACTTCA,CD8
GGGCTCACAAAGGGTC,CD8
GGGTGTCTCACTGGGC,CD8
GGTCTGGGTCACTAGT,CD8
GGTCTGGTCCTTGACC,CD8
GTAACACCAAACTGCT,CD8
GTAACCAAGAAGTCCG,CD8
GTAACCACACTCAGAT,CD8
GTAACCATCCGACGGT,CD8
GTAAGTCTCGTAGCTA,CD8
GTAATCGGTCATCCGG,CD8
GTAGAGGTCAGACAAA,CD8
GTAGGTTAGCCAAGTG,CD8
GTAGTACAGGTTGACG,CD8
GTAGTACCAGAGGTTG,CD8
GTATTGGGTTAAGTCC,CD8
GTATTTCTCGTTCTCG,CD8
GTCAGCGAGATAGTCA,CD8
GTCATCCGTTTACGTG,CD8
GTCATTTTCCGCACTT,CD8
GTCCACTCACTGTCGG,CD8
GTCCTCAAGCGGTAGT,CD8
GTCCTCAGTGTTACTG,CD8
GTCTGTCAGGTCACCC,CD8
GTGAGTTAGTCATACC,CD8
GTGCAGCTCACCCTCA,CD8
GTGCGTGAGGATCATA,CD8
GTGGTTACAAACTAGA,CD8
GTGTTCCGTGTTGATC,CD8
GTTACAGCAACCCGCA,CD8
GTTACAGTCTCCACTG,CD8
GTTATGGAGACCATTC,CD8
GTTCATTGTACAAACA,CD8
GTTGCTCCATCAGCAT,CD8
GTTTACTGTAGCTTGT,CD8
TAAGCACTCAGTCCGG,CD8
TAAGCCACAATCTAGC,CD8
TAAGCGTGTCCATCTC,CD8
TAAGCGTTCCCGAGTG,CD8
TAATCTCCACCAGACC,CD8
TAATTCCGTAGTATAG,CD8
TACAACGGTTTGGAAA,CD8
TACAGGTTCCTACCGT,CD8
TACATTCAGTTTGAGA,CD8
TACCGGGAGTGTTCAC,CD8
TACCTCGGTCACCACG,CD8
TACGGGCTCACCTCAC,CD8
TACGTCCGTTTCGACA,CD8
TACTTACAGGTCGTCC,CD8
TATACCTGTACTTGTG,CD8
TATACCTTCAGCGCAC,CD8
TATCAGGAGGGATCTG,CD8
TATGTTCTCTGAGGTT,CD8
TATTCCATCGCGTCGA,CD8
TCAATTCGTAACACCT,CD8
TCACGCTGTTCGTACA,CD8
TCACGGGAGGTTCTTG,CD8
TCACGGGTCGTCTACC,CD8
TCACTATTCGGCCTTT,CD8
TCAGGGCAGTGCCCGT,CD8
TCAGGTAGTAGTGCGA,CD8
TCATATCAGTCGCGAA,CD8
TCATTACCACTGTGTA,CD8
TCATTGTAGATTGCGG,CD8
TCATTGTAGTGTTGAA,CD8
TCATTGTGTGTCGCTG,CD8
TCCACGTGTCATCGCG,CD8
TCCCACACAGGAGGAG,CD8
TCCTCGAAGAGAGAAC,CD8
TCGATTTCAGCACAGA,CD8
TCGCTCAGTTGCACGC,CD8
TCGGATAGTCTTACTT,CD8
TCGTAGATCCACGAAT,CD8
TCTACATCATCAGCAT,CD8
TCTACATGTCTTGAGT,CD8
TCTATACGTGTAAATG,CD8
TCTATACTCGGCCTTT,CD8
TCTATCACAGCCGTTG,CD8
TCTCACGCAATAGGAT,CD8
TCTCAGCGTAGCTTAC,CD8
TCTTAGTCAAATTGGA,CD8
TCTTCCTGTTACCCTC,CD8
TCTTGCGCATGTCGTA,CD8
TCTTGCGGTCCTGTTC,CD8
TGAACGTAGCTCGAAG,CD8
TGAACGTCAAATCAGA,CD8
TGAACGTTCATTTACC,CD8
TGACTCCCATCCGGCA,CD8
TGAGCGCAGAGTCTGG,CD8
TGAGCGCAGTGCAACG,CD8
TGATCAGTCAGCGCAC,CD8
TGATCAGTCTCTCGCA,CD8
TGATTTCAGTATGCAA,CD8
TGATTTCGTAATACCC,CD8
TGCAGGCAGCCGATAG,CD8
TGCAGGCGTACAACGG,CD8
TGCAGTATCGACGAGA,CD8
TGCATGACATGGAACG,CD8
TGCCGAGAGAAGTCTA,CD8
TGCGACGGTAACACGG,CD8
TGCTGAATCCTTCTAA,CD8
TGCTTGCGTACGGCAA,CD8
TGGAGAGAGCACTAGG,CD8
TGGGAAGCAAGTGACG,CD8
TGGGAGATCCCGTTCA,CD8
TGGGTTACATCCAACA,CD8
TGGTACACATGCCATA,CD8
TGTCCTGTCCGTCACT,CD8
TGTGATGGTCGCATTA,CD8
TGTGTGACAATAACCC,CD8
TGTGTGATCGAACACT,CD8
TGTTCATCAACTCATG,CD8
TGTTCTAGTCGCTCGA,CD8
TGTTGAGGTTCTCAGA,CD8
TGTTGGATCGCCTTGT,CD8
TTATTGCCAAGCCTGC,CD8
TTATTGCGTGAGACCA,CD8
TTCAGGACAGCTCTGG,CD8
TTCAGGACAGCTGAAG,CD8
TTCATTGGTTTGGCTA,CD8
TTCGGTCGTACTAAGA,CD8
TTCTAACAGGGCATGT,CD8
TTCTAACTCGAACGCC,CD8
TTCTGTACATACTTTC,CD8
TTGTTCAGTAATGCTC,CD8
TTGTTGTGTACCTTCC,CD8
TTGTTTGTCGACCCAG,CD8
TTTAGTCTCGGTGCAC,CD8
TTTATGCCATCTATCT,CD8
AAACCCACAGGCTTGC,CD14+MONO
AAACCCAGTAGTTAGA,CD14+MONO
AAACGAAGTAACGATA,CD14+MONO
AAACGAAGTGGATCAG,CD14+MONO
AAACGAATCGTCCTTG,CD14+MONO
AAAGAACAGGAGGTTC,CD14+MONO
AAAGAACCACTTCATT,CD14+MONO
AAAGGGCAGTGCTAGG,CD14+MONO
AAAGGGCCACTTCTCG,CD14+MONO
AAAGGGCGTCGGCCTA,CD14+MONO
AAAGGTATCTGTCCCA,CD14+MONO
AAAGTGACATGCGGTC,CD14+MONO
AAAGTGATCCTCTTTC,CD14+MONO
AACAAGAAGTCATAGA,CD14+MONO
AACAAGACAACCTATG,CD14+MONO
AACAAGACACGTTCGG,CD14+MONO
AACACACAGGGTCAAC,CD14+MONO
AACACACCACACGTGC,CD14+MONO
AACAGGGGTGAATATG,CD14+MONO
AACAGGGTCCCTGTTG,CD14+MONO
AACCAACCAAGACCTT,CD14+MONO
AACCAACGTACGGGAT,CD14+MONO
AACCACAGTTAAACCC,CD14+MONO
AACCACATCAAGGACG,CD14+MONO
AACCCAATCTCCCTAG,CD14+MONO
AACCTGAGTCATACCA,CD14+MONO
AACCTGAGTTCGTACA,CD14+MONO
AACCTTTAGGCCTGAA,CD14+MONO
AACGGGAAGCGGGTTA,CD14+MONO
AACGTCAAGAGTTGTA,CD14+MONO
AACGTCAGTTCTCTAT,CD14+MONO
AACGTCATCCATTGCC,CD14+MONO
AAGAACAGTTAATCGC,CD14+MONO
AAGAACATCCCGAGGT,CD14+MONO
AAGACAACAATGCTCA,CD14+MONO
AAGACTCCAAAGCTAA,CD14+MONO
AAGCGTTCAGGTACGA,CD14+MONO
AAGCGTTGTCTCTCAC,CD14+MONO
AAGGAATCACGGTGAA,CD14+MONO
AAGGAATCATGGAAGC,CD14+MONO
AAGGAATTCACAATGC,CD14+MONO
AAGGTAAAGAAACTGT,CD14+MONO
AAGGTAAAGTTATGGA,CD14+MONO
AAGGTAATCGATACTG,CD14+MONO
AAGTACCTCTAGCATG,CD14+MONO
AAGTGAACAAATACAG,CD14+MONO
AAGTGAAGTAGCTTTG,CD14+MONO
AAGTTCGGTAGTGCGA,CD14+MONO
AATCGACGTCCGGTGT,CD14+MONO
AATGAAGGTTGACGGA,CD14+MONO
AATGCCAGTTCGCGTG,CD14+MONO
AATGCCATCAAATAGG,CD14+MONO
AATGCCATCTGCCTCA,CD14+MONO
AATGGCTGTACCTAAC,CD14+MONO
AATTCCTAGCAGATAT,CD14+MONO
AATTCCTAGCCTGTGC,CD14+MONO
AATTCCTAGCGTGAAC,CD14+MONO
AATTTCCCACCCTGTT,CD14+MONO
AATTTCCCAGTGTATC,CD14+MONO
ACAAGCTAGATCGGTG,CD14+MONO
ACACAGTAGCCTCTCT,CD14+MONO
ACACCAAAGGTTCTAC,CD14+MONO
ACAGCCGAGCTAAACA,CD14+MONO
ACAGCCGTCCAAGGGA,CD14+MONO
ACAGGGAGTGGTCTCG,CD14+MONO
ACAGGGAGTTTGTGGT,CD14+MONO
ACATCCCCAAATAGCA,CD14+MONO
ACATCGAAGGGTTGCA,CD14+MONO
ACATCGATCTACTTCA,CD14+MONO
ACATGCAGTATAATGG,CD14+MONO
ACATTTCAGCCGAATG,CD14+MONO
ACATTTCGTAAGACCG,CD14+MONO
ACATTTCGTAAGGCTG,CD14+MONO
ACATTTCTCCCAAGCG,CD14+MONO
ACATTTCTCGGAAACG,CD14+MONO
ACCAAACCAGCTGTGC,CD14+MONO
ACCAAACTCAGGACGA,CD14+MONO
ACCAACACAGGCTATT,CD14+MONO
ACCACAATCACCGCTT,CD14+MONO
ACCACAATCTAGACAC,CD14+MONO
ACCACAATCTCTATGT,CD14+MONO
ACCATTTCATCCCGTT,CD14+MONO
ACCCAAAGTATGAAAC,CD14+MONO
ACCCTCATCATTGCGA,CD14+MONO
ACCCTCATCTAGTCAG,CD14+MONO
ACCGTTCCATCATCCC,CD14+MONO
ACCGTTCGTAAGTAGT,CD14+MONO
ACCGTTCGTAGTTACC,CD14+MONO
ACCTACCAGAAACTGT,CD14+MONO
ACCTACCGTGGAACAC,CD14+MONO
ACCTGAAGTCTCGACG,CD14+MONO
ACCTGTCCACCGTCTT,CD14+MONO
ACGATCATCGGCTCTT,CD14+MONO
ACGATGTAGGGTAATT,CD14+MONO
ACGATGTCAAAGGCTG,CD14+MONO
ACGCACGAGGTGCTGA,CD14+MONO
ACGGAAGGTATGGTAA,CD14+MONO
ACGGGTCTCTGCTGAA,CD14+MONO
ACGGTCGAGTAACCGG,CD14+MONO
ACGGTTAAGTTCAACC,CD14+MONO
ACGGTTAGTACGAAAT,CD14+MONO
ACGTACACATTCAGGT,CD14+MONO
ACGTTCCAGTAAGCAT,CD14+MONO
ACTACGAAGCCTGCCA,CD14+MONO
ACTACGATCCGATGCG,CD14+MONO
ACTATCTAGTGCACTT,CD14+MONO
ACTATGGGTCTACTGA,CD14+MONO
ACTATTCGTTAATGAG,CD14+MONO
ACTCCCAAGCTACTAC,CD14+MONO
ACTCCCAAGTCGAGGT,CD14+MONO
ACTCCCAAGTTACGAA,CD14+MONO
ACTCTCGGTCGCGTTG,CD14+MONO
ACTGCAACAAATCGTC,CD14+MONO
ACTGTCCAGGCCGCTT,CD14+MONO
ACTGTCCGTTTCGACA,CD14+MONO
ACTGTCCTCCAGCACG,CD14+MONO
ACTGTGAAGTATGCAA,CD14+MONO
ACTTATCTCAGAACCT,CD14+MONO
ACTTCCGGTATGAGAT,CD14+MONO
ACTTCCGGTCCGGTGT,CD14+MONO
ACTTCCGTCCTCTCGA,CD14+MONO
ACTTCGCAGGTAAGTT,CD14+MONO
ACTTCGCGTCGTTGGC,CD14+MONO
ACTTTCAAGTCCCAGC,CD14+MONO
ACTTTCAAGTCTGGAG,CD14+MONO
ACTTTCACATGAGTAA,CD14+MONO
ACTTTGTAGGTCGTGA,CD14+MONO
ACTTTGTTCGGCTATA,CD14+MONO
AGAACAAGTACAAAGT,CD14+MONO
AGAACAAGTGGAAGTC,CD14+MONO
AGAACAATCCGCGAGT,CD14+MONO
AGAACCTCATTGTCGA,CD14+MONO
AGAAGCGAGTGACCTT,CD14+MONO
AGAAGCGCATAGATGA,CD14+MONO
AGAAGCGTCACTAGCA,CD14+MONO
AGAAGTACAATCGCGC,CD14+MONO
AGAAGTACACCTCTAC,CD14+MONO
AGACAAAGTTACCGTA,CD14+MONO
AGACACTCAAAGCAAT,CD14+MONO
AGACAGGCAACCCTCT,CD14+MONO
AGACAGGGTAGGACCA,CD14+MONO
AGACAGGGTGGGCTTC,CD14+MONO
AGACAGGGTTCTGACA,CD14+MONO
AGACCATGTATCTTCT,CD14+MONO
AGAGAATGTATGCGTT,CD14+MONO
AGAGAATTCACCCTCA,CD14+MONO
AGAGAGCAGGGTGAGG,CD14+MONO
AGAGCCCAGCGTCTGC,CD14+MONO
AGAGCCCAGTTCGCAT,CD14+MONO
AGATAGAAGTCTACCA,CD14+MONO
AGATCGTCAAGTTCGT,CD14+MONO
AGATGAAAGAATCGAT,CD14+MONO
AGATGAACACTCCTTG,CD14+MONO
AGATGCTCACCAGGTC,CD14+MONO
AGATGCTCATTGACCA,CD14+MONO
AGATGCTTCGTTCTCG,CD14+MONO
AGCCAATCACCAAATC,CD14+MONO
AGCCACGAGCCGGATA,CD14+MONO
AGCCACGCAATCTCGA,CD14+MONO
AGCCACGCACATGGTT,CD14+MONO
AGCCAGCCACACGGAA,CD14+MONO
AGCCAGCTCCGTGGTG,CD14+MONO
AGCGATTAGTCTGCAT,CD14+MONO
AGCGATTGTACTAACC,CD14+MONO
AGCGCCAGTACCCGCA,CD14+MONO
AGCGCTGTCCCGAGTG,CD14+MONO
AGCGTATAGCAGGCAT,CD14+MONO
AGCGTATAGCCGAACA,CD14+MONO
AGCTACAGTATGCTTG,CD14+MONO
AGCTCAAAGCACTCCG,CD14+MONO
AGCTCAAGTACCCGCA,CD14+MONO
AGGAAATGTTAGAGAT,CD14+MONO
AGGATAATCCATCACC,CD14+MONO
AGGCATTAGCGTATAA,CD14+MONO
AGGCATTAGTCCCAAT,CD14+MONO
AGGCATTCAAGTGGTG,CD14+MONO
AGGCATTTCGGTAACT,CD14+MONO
AGGCCACAGGCATCAG,CD14+MONO
AGGCCACCATCATCTT,CD14+MONO
AGGCCACGTGTAGCAG,CD14+MONO
AGGCTGCAGGTGCGAT,CD14+MONO
AGGGCCTCACTCCTTG,CD14+MONO
AGGGCTCGTATGCTAC,CD14+MONO
AGGGCTCGTCGGCCTA,CD14+MONO
AGGGCTCTCTTGGTCC,CD14+MONO
AGGGTCCCACTCAGAT,CD14+MONO
AGGGTCCCAGACACCC,CD14+MONO
AGGGTGAAGGTAGTCG,CD14+MONO
AGGGTGAGTTGCATAC,CD14+MONO
AGGGTTTAGAATCTAG,CD14+MONO
AGGGTTTAGCATTTCG,CD14+MONO
AGGTCTAGTACAAAGT,CD14+MONO
AGGTCTATCCGTGTGG,CD14+MONO
AGGTGTTTCTCATGGA,CD14+MONO
AGGTTGTTCCGAGGCT,CD14+MONO
AGTACCAAGCGTTACT,CD14+MONO
AGTACCAGTAGAGATT,CD14+MONO
AGTAGCTCAATCGAAA,CD14+MONO
AGTAGTCAGAAACACT,CD14+MONO
AGTAGTCTCATACAGC,CD14+MONO
AGTAGTCTCTCAGTCC,CD14+MONO
AGTCAACGTCAGGTGA,CD14+MONO
AGTCAACGTCGTAATC,CD14+MONO
AGTCATGGTAGGCAGT,CD14+MONO
AGTCTCCAGCACTCAT,CD14+MONO
AGTCTCCCACCAGCCA,CD14+MONO
AGTCTCCGTAAGTCAA,CD14+MONO
AGTCTCCTCGTGTCAA,CD14+MONO
AGTGACTGTCCATCTC,CD14+MONO
AGTGACTGTCCCTCAT,CD14+MONO
AGTGATCAGGTCTACT,CD14+MONO
AGTGTTGAGCGTCAAG,CD14+MONO
AGTGTTGAGTGGAAGA,CD14+MONO
AGTGTTGGTTACACTG,CD14+MONO
AGTTAGCTCTGGACTA,CD14+MONO
AGTTCCCAGGAACTCG,CD14+MONO
AGTTCCCGTATGAGAT,CD14+MONO
AGTTCGAAGGAACATT,CD14+MONO
AGTTCGAAGTAAATGC,CD14+MONO
AGTTCGACACCCTAAA,CD14+MONO
AGTTCGAGTCATCCGG,CD14+MONO
ATACCGAGTGTCCACG,CD14+MONO
ATACTTCAGTTGCCTA,CD14+MONO
ATAGACCAGCCTCTGG,CD14+MONO
ATAGAGAAGCTACTAC,CD14+MONO
ATAGAGACAATACGCT,CD14+MONO
ATAGAGACAATTGCGT,CD14+MONO
ATAGGCTGTTAAACCC,CD14+MONO
ATAGGCTTCTATTCGT,CD14+MONO
ATATCCTAGGGCAGAG,CD14+MONO
ATATCCTGTTGGAGAC,CD14+MONO
ATCACAGAGGGAGGGT,CD14+MONO
ATCACAGCAACCAATC,CD14+MONO
ATCACGAAGAGCATTA,CD14+MONO
ATCACGACAGTCTCTC,CD14+MONO
ATCACGATCACTGTCC,CD14+MONO
ATCACGATCCGAAATC,CD14+MONO
ATCACTTCATGAATAG,CD14+MONO
ATCAGGTGTGAGGATC,CD14+MONO
ATCCACCAGGCAGTCA,CD14+MONO
ATCCTATAGGACCCAA,CD14+MONO
ATCGATGGTGGTCAAG,CD14+MONO
ATCGATGTCTACCCAC,CD14+MONO
ATCGCCTTCGTAGCTA,CD14+MONO
ATCGGATAGTGCAGCA,CD14+MONO
ATCGGATTCAAGGCTT,CD14+MONO
ATCGGCGGTTCAAACC,CD14+MONO
ATCGGCGTCACCTCGT,CD14+MONO
ATCGTCCCAAGAGGCT,CD14+MONO
ATCGTCCCATCCTTCG,CD14+MONO
ATCTCTATCCAAGCAT,CD14+MONO
ATCTCTATCGAATCCA,CD14+MONO
ATCTTCAAGGTAGATT,CD14+MONO
ATGAAAGGTAGTCCTA,CD14+MONO
ATGACCACATACTGAC,CD14+MONO
ATGAGTCTCTCCGCAT,CD14+MONO
ATGATCGAGAGTCAAT,CD14+MONO
ATGATCGTCACTCGAA,CD14+MONO
ATGATCGTCGCTTGAA,CD14+MONO
ATGCCTCAGTTACGAA,CD14+MONO
ATGGGAGGTTCTGAGT,CD14+MONO
ATGGGAGGTTGGGTTT,CD14+MONO
ATGGGAGTCCAGCTCT,CD14+MONO
ATGGTTGCAGAACATA,CD14+MONO
ATGGTTGCAGAGGCAT,CD14+MONO
ATGTCCCAGCCTGCCA,CD14+MONO
ATGTCCCAGGCTGGAT,CD14+MONO
ATGTCCCCATCGCTGG,CD14+MONO
ATGTCCCCATGAGTAA,CD14+MONO
ATGTCCCTCCTGTAAG,CD14+MONO
ATGTCTTTCAGCTAGT,CD14+MONO
ATTACCTAGAAGTCAT,CD14+MONO
ATTACTCGTCGAACGA,CD14+MONO
ATTACTCTCAGCAATC,CD14+MONO
ATTATCCGTCAAGCCC,CD14+MONO
ATTCCCGGTGAGTTGG,CD14+MONO
ATTCTTGAGGAGGCAG,CD14+MONO
ATTGGGTAGACGATAT,CD14+MONO
ATTGGGTTCCAAATGC,CD14+MONO
ATTGTTCAGATACATG,CD14+MONO
ATTGTTCCAACCACAT,CD14+MONO
ATTGTTCGTTGTGGAG,CD14+MONO
ATTTCACCATTCAGGT,CD14+MONO
ATTTCACGTCCTTTGC,CD14+MONO
CAAAGAACAACGCCCA,CD14+MONO
CAACAACCATCCTGTC,CD14+MONO
CAACAACTCCTCACCA,CD14+MONO
CAACCAACAGACGCTC,CD14+MONO
CAACCAACAGAGTTGG,CD14+MONO
CAACCTCCAAGAGAGA,CD14+MONO
CAACGATAGCAGCACA,CD14+MONO
CAACGATTCCCTCGTA,CD14+MONO
CAACGGCTCACTCTTA,CD14+MONO
CAACGGCTCGTTCCCA,CD14+MONO
CAAGACTGTATTGCCA,CD14+MONO
CAAGAGGCAACGGTAG,CD14+MONO
CAAGAGGCACATGAAA,CD14+MONO
CAAGGGATCTGTCTCG,CD14+MONO
CAATACGCACGGTAGA,CD14+MONO
CAATCGAAGACGAGCT,CD14+MONO
CAATCGAAGTGGATAT,CD14+MONO
CACAACAGTTGAGGAC,CD14+MONO
CACAACATCTAGGCCG,CD14+MONO
CACACAACAACTGAAA,CD14+MONO
CACACAAGTTGCCGAC,CD14+MONO
CACAGATTCAATCTTC,CD14+MONO
CACATGATCAGGACAG,CD14+MONO
CACCAAACAATTAGGA,CD14+MONO
CACCGTTCACTCAGAT,CD14+MONO
CACGTTCAGCGAACTG,CD14+MONO
CACGTTCCAATTTCGG,CD14+MONO
CACGTTCCAGGCATTT,CD14+MONO
CACGTTCCATTGTACG,CD14+MONO
CACTAAGGTCGTACAT,CD14+MONO
CACTGAACAATTCACG,CD14+MONO
CACTGAAGTTGTGGCC,CD14+MONO
CACTGAATCCTGGTCT,CD14+MONO
CACTGGGGTCTCTCTG,CD14+MONO
CACTGTCCAAGTCGTT,CD14+MONO
CACTTCGGTCAAGCCC,CD14+MONO
CAGAGCCAGCATCAAA,CD14+MONO
CAGAGCCCATGAGGGT,CD14+MONO
CAGATACAGAACGCGT,CD14+MONO
CAGATACGTGTAAACA,CD14+MONO
CAGATCAGTTGGCCTG,CD14+MONO
CAGATCATCCATTGCC,CD14+MONO
CAGATTGCACCTGCGA,CD14+MONO
CAGCAATAGGTGCCAA,CD14+MONO
CAGCAATGTTTCAGAC,CD14+MONO
CAGCAATTCGTGGAAG,CD14+MONO
CAGCAGCTCTAGACAC,CD14+MONO
CAGCCAGAGTATTGCC,CD14+MONO
CAGCCAGCAATGTCTG,CD14+MONO
CAGCCAGTCGCAGTTA,CD14+MONO
CAGCGTGTCAAAGGAT,CD14+MONO
CAGGCCAGTTTCCCAC,CD14+MONO
CAGTGCGGTTCAGTAC,CD14+MONO
CAGTTAGAGTACCCTA,CD14+MONO
CAGTTCCAGGGCAGAG,CD14+MONO
CAGTTCCCAGAATGTA,CD14+MONO
CATAAGCGTGAGTCAG,CD14+MONO
CATAAGCGTTGTCTAG,CD14+MONO
CATACAGGTTGGGAAC,CD14+MONO
CATACCCAGCGAGTAC,CD14+MONO
CATACTTGTATCCCAA,CD14+MONO
CATACTTGTTCAGCGC,CD14+MONO
CATAGACTCCGTAATG,CD14+MONO
CATCAAGGTCTTACTT,CD14+MONO
CATCCACTCGATGGAG,CD14+MONO
CATCCCACAACACACT,CD14+MONO
CATCGCTAGTGTTGAA,CD14+MONO
CATCGCTCAGCATCTA,CD14+MONO
CATCGGGAGGTCGACA,CD14+MONO
CATCGGGTCAGACCCG,CD14+MONO
CATCGTCAGGTGCTAG,CD14+MONO
CATGCGGAGGATTCCT,CD14+MONO
CATGCGGGTGAGCGAT,CD14+MONO
CATGCTCAGAGGACTC,CD14+MONO
CATGCTCCACCCAACG,CD14+MONO
CATGCTCTCGACACCG,CD14+MONO
CATGCTCTCGGTCGAC,CD14+MONO
CATGGATCATCAGCAT,CD14+MONO
CATTCATCACCATAAC,CD14+MONO
CATTCATCACGCACCA,CD14+MONO
CATTCATCAGCCCAGT,CD14+MONO
CATTCATGTGGCCTCA,CD14+MONO
CATTCTAGTCACCTTC,CD14+MONO
CATTGAGAGATCCTAC,CD14+MONO
CATTGAGGTAGTCTGT,CD14+MONO
CATTGCCAGCTCATAC,CD14+MONO
CATTGCCGTCGACGCT,CD14+MONO
CATTTCATCCACGGGT,CD14+MONO
CCAAGCGTCACCATGA,CD14+MONO
CCAATTTCAAGGAGTC,CD14+MONO
CCAATTTTCGACGCTG,CD14+MONO
CCACAAACACCTATCC,CD14+MONO
CCACAAAGTATGAGGC,CD14+MONO
CCACAAATCGTCGCTT,CD14+MONO
CCACACTTCTCTCAAT,CD14+MONO
CCACCATAGCCTAGGA,CD14+MONO
CCACCATCACGAGGAT,CD14+MONO
CCACCATTCAATCGGT,CD14+MONO
CCACGAGGTCCATCTC,CD14+MONO
CCACGAGTCGTACACA,CD14+MONO
CCACGTTCATGTTCGA,CD14+MONO
CCACGTTTCCAGGACC,CD14+MONO
CCACTTGAGGTAGCCA,CD14+MONO
CCACTTGAGTCAGCCC,CD14+MONO
CCACTTGGTAACTTCG,CD14+MONO
CCATCACCATCAGTCA,CD14+MONO
CCCAACTAGGAGAGGC,CD14+MONO
CCCGGAAGTTGGTAGG,CD14+MONO
CCCTAACCAGCAATTC,CD14+MONO
CCCTCAAAGAAACTGT,CD14+MONO
CCCTCTCTCGACACCG,CD14+MONO
CCCTCTCTCTTGATTC,CD14+MONO
CCCTTAGAGGAAAGAC,CD14+MONO
CCGAACGCAGTGGTGA,CD14+MONO
CCGGGTACACGAGGTA,CD14+MONO
CCGGGTAGTATGCTAC,CD14+MONO
CCGGGTATCAGCACCG,CD14+MONO
CCGGTAGCAACTACGT,CD14+MONO
CCGGTAGTCAATCTCT,CD14+MONO
CCGGTGAAGGCACAAC,CD14+MONO
CCGGTGAGTTGCAACT,CD14+MONO
CCGTTCATCGGCATTA,CD14+MONO
CCTAACCAGCGGACAT,CD14+MONO
CCTAACCCAGCATACT,CD14+MONO
CCTAACCCAGTTAGAA,CD14+MONO
CCTAACCGTGAACCGA,CD14+MONO
CCTACGTAGGGTCACA,CD14+MONO
CCTACGTGTACGATTC,CD14+MONO
CCTACGTTCTTACCAT,CD14+MONO
CCTCACATCAACGCTA,CD14+MONO
CCTCAGTCAAAGGGCT,CD14+MONO
CCTCAGTCATAGACTC,CD14+MONO
CCTCAGTGTCTTGAGT,CD14+MONO
CCTCAGTTCTCCCATG,CD14+MONO
CCTCCAAGTAACTGCT,CD14+MONO
CCTCCAATCATCCTGC,CD14+MONO
CCTCCAATCCGTACGG,CD14+MONO
CCTGCATAGAAGCCAC,CD14+MONO
CCTGCATCAGCTGCCA,CD14+MONO
CCTGCATTCCTCTTTC,CD14+MONO
CCTTCAGAGGGTATAT,CD14+MONO
CCTTCAGGTGAGACCA,CD14+MONO
CCTTCAGTCTTAGCTT,CD14+MONO
CCTTTGGGTCAACCAT,CD14+MONO
CCTTTGGTCTAGTGAC,CD14+MONO
CGAAGGACATATCTGG,CD14+MONO
CGAAGGACATGTCGTA,CD14+MONO
CGAAGGAGTGTGACCC,CD14+MONO
CGAAGGATCGGCGATC,CD14+MONO
CGAAGTTCAATGAGCG,CD14+MONO
CGAAGTTCAGAGCCCT,CD14+MONO
CGACAGCAGAGGTGCT,CD14+MONO
CGACAGCAGGTCGAGT,CD14+MONO
CGAGGAAAGCGTGAAC,CD14+MONO
CGAGGCTAGGCATGGT,CD14+MONO
CGAGGCTTCCCGAGTG,CD14+MONO
CGAGTGCCACTACACA,CD14+MONO
CGAGTGCGTCCGTTTC,CD14+MONO
CGAGTGCGTGTCCGGT,CD14+MONO
CGAGTGCGTTGAATCC,CD14+MONO
CGAGTGCTCACACCCT,CD14+MONO
CGAGTGCTCGCTGATA,CD14+MONO
CGAGTTAAGTAAGGGA,CD14+MONO
CGAGTTACAGCACACC,CD14+MONO
CGAGTTAGTTCCTACC,CD14+MONO
CGCAGGTCAGAACATA,CD14+MONO
CGCATGGAGTCACTAC,CD14+MONO
CGCATGGCAACCACAT,CD14+MONO
CGCATGGGTTTACTGG,CD14+MONO
CGCGTGAAGCCTGAGA,CD14+MONO
CGCGTGACAACGTAAA,CD14+MONO
CGCGTGACAGATTTCG,CD14+MONO
CGCGTGAGTTGCCAAT,CD14+MONO
CGGAACCGTAGGTAGC,CD14+MONO
CGGAACCTCCGTGACG,CD14+MONO
CGGAATTCAATCGTCA,CD14+MONO
CGGACACGTGTCATGT,CD14+MONO
CGGCAGTAGAGTGTGC,CD14+MONO
CGGCAGTCAATCGTCA,CD14+MONO
CGGGACTCACGACCTG,CD14+MONO
CGGGCATCATTCCTAT,CD14+MONO
CGGGCATTCGCAATTG,CD14+MONO
CGGGTGTCAGGAGACT,CD14+MONO
CGGTCAGAGAAGTATC,CD14+MONO
CGGTCAGGTGTCTTCC,CD14+MONO
CGTAAGTAGTACAGAT,CD14+MONO
CGTAAGTGTATGGAGC,CD14+MONO
CGTAGTAAGAAACCCG,CD14+MONO
CGTAGTAAGCTGGAGT,CD14+MONO
CGTGAATGTCTCCCTA,CD14+MONO
CGTGATAGTGTCATGT,CD14+MONO
CGTGATATCATTGTTC,CD14+MONO
CGTGCTTCACACTGGC,CD14+MONO
CGTGTCTAGCTGAGTG,CD14+MONO
CGTTCTGGTCTACAAC,CD14+MONO
CGTTCTGTCAGCTCTC,CD14+MONO
CTAACCCCAGGTTTAC,CD14+MONO
CTAACCCTCACTCTTA,CD14+MONO
CTAAGTGAGTTTCGGT,CD14+MONO
CTAAGTGTCATTATCC,CD14+MONO
CTACAGAGTAGTCGGA,CD14+MONO
CTACCCAAGGGCATGT,CD14+MONO
CTACCCACACAGCATT,CD14+MONO
CTACCCAGTGTCCCTT,CD14+MONO
CTACCCATCAAGTAAG,CD14+MONO
CTACCTGAGACTAAGT,CD14+MONO
CTACGGGGTCGTGGTC,CD14+MONO
CTACGGGTCGATACTG,CD14+MONO
CTACTATCACTCAAGT,CD14+MONO
CTACTATTCAGCCCAG,CD14+MONO
CTAGGTAGTAGGTAGC,CD14+MONO
CTAGGTATCGACGATT,CD14+MONO
CTATAGGCATGCAGCC,CD14+MONO
CTATAGGTCCCGTGAG,CD14+MONO
CTATCCGGTAAGGTCG,CD14+MONO
CTATCCGTCTATGTGG,CD14+MONO
CTATCCGTCTTCGACC,CD14+MONO
CTATCTAAGCGTATGG,CD14+MONO
CTCAACCGTGCAACGA,CD14+MONO
CTCAAGACATGAAAGT,CD14+MONO
CTCAATTGTTGTCAGT,CD14+MONO
CTCAATTTCCGCTGTT,CD14+MONO
CTCACTGTCGAACGGA,CD14+MONO
CTCACTGTCGCCATAA,CD14+MONO
CTCAGGGCAGTCAGTT,CD14+MONO
CTCAGTCTCGACGATT,CD14+MONO
CTCATCGGTCAAATCC,CD14+MONO
CTCATGCGTTCAAGTC,CD14+MONO
CTCATGCTCGGCTTCT,CD14+MONO
CTCATTAGTATGAAGT,CD14+MONO
CTCCAACTCGCCCAGA,CD14+MONO
CTCCACACATCGTGCG,CD14+MONO
CTCCACACATTGCCGG,CD14+MONO
CTCCATGCACTCACTC,CD14+MONO
CTCCATGGTACGGATG,CD14+MONO
CTCCCAAAGGTGCCTC,CD14+MONO
CTCCCAAGTATGCTTG,CD14+MONO
CTCCGATGTTAGCGGA,CD14+MONO
CTCCTCCGTGTCTTGA,CD14+MONO
CTCCTTTCATTGAGCT,CD14+MONO
CTCCTTTTCACAAGGG,CD14+MONO
CTCGAGGAGTGATAAC,CD14+MONO
CTCGAGGCATCCGAAT,CD14+MONO
CTCGAGGGTTTACTTC,CD14+MONO
CTCTCGACACGCTATA,CD14+MONO
CTCTGGTAGTGTTGTC,CD14+MONO
CTCTGGTGTGCAGGAT,CD14+MONO
CTGAGCGCAAATCGGG,CD14+MONO
CTGAGCGGTGGTAACG,CD14+MONO
CTGAGCGGTTCGAAGG,CD14+MONO
CTGAGCGTCAAGCCGC,CD14+MONO
CTGAGGCAGAACAGGA,CD14+MONO
CTGATCCAGCCATTGT,CD14+MONO
CTGATCCCACGCCAGT,CD14+MONO
CTGATCCGTTCTTCAT,CD14+MONO
CTGCAGGCAGCTCTGG,CD14+MONO
CTGCATCCATCGCTAA,CD14+MONO
CTGCATCTCCAGCCTT,CD14+MONO
CTGCCTAGTATGGTTC,CD14+MONO
CTGCCTAGTGTCATGT,CD14+MONO
CTGGACGTCAAATGAG,CD14+MONO
CTGTACCAGGGATCTG,CD14+MONO
CTGTACCCAGGACGAT,CD14+MONO
CTGTAGAAGCCTGCCA,CD14+MONO
CTGTAGAAGTCATTGC,CD14+MONO
CTGTATTTCGCGATCG,CD14+MONO
CTGTGGGTCCAACTAG,CD14+MONO
CTTACCGAGTAGACCG,CD14+MONO
CTTACCGTCTAGACAC,CD14+MONO
CTTAGGACACCCTAGG,CD14+MONO
CTTAGGACATCAGCTA,CD14+MONO
CTTCAATAGCATCAAA,CD14+MONO
CTTCGGTAGAGAAGGT,CD14+MONO
CTTCGGTCAAATTGCC,CD14+MONO
CTTCTAATCTAAACGC,CD14+MONO
CTTCTCTGTCTACATG,CD14+MONO
CTTGAGATCATAGGCT,CD14+MONO
CTTGATTAGGACAGTC,CD14+MONO
CTTTCGGCAGGCTCTG,CD14+MONO
GAAACCTCATAGTCGT,CD14+MONO
GAAACCTTCACTTGTT,CD14+MONO
GAAACCTTCAGGTAAA,CD14+MONO
GAACACTCAGCAGGAT,CD14+MONO
GAACGTTCAACCGCTG,CD14+MONO
GAACGTTGTATGCGGA,CD14+MONO
GAACTGTCACCTCTGT,CD14+MONO
GAACTGTGTGGACCTC,CD14+MONO
GAAGCCCAGAATAGTC,CD14+MONO
GAAGCCCAGGAGGCAG,CD14+MONO
GAAGCCCGTACACGTT,CD14+MONO
GAAGCCCGTACTAACC,CD14+MONO
GAAGCCCTCTGAGCAT,CD14+MONO
GAAGCGACACCCTCTA,CD14+MONO
GAAGCGATCAGCGTCG,CD14+MONO
GAAGGACGTATGAGGC,CD14+MONO
GAAGGACGTTCGGGTC,CD14+MONO
GAAGGGTGTGTGGACA,CD14+MONO
GAAGGGTTCGCCGTGA,CD14+MONO
GAAGTAACAATAGAGT,CD14+MONO
GAAGTAACATCCGCGA,CD14+MONO
GAAGTAAGTACCACGC,CD14+MONO
GAAGTAAGTCTTCTAT,CD14+MONO
GAATCACCATCGGATT,CD14+MONO
GAATCACGTATTTCCT,CD14+MONO
GAATCGTCAGCTGCCA,CD14+MONO
GAATCGTCAGTGGTGA,CD14+MONO
GAATCGTGTCCAACGC,CD14+MONO
GACACGCTCATTCATC,CD14+MONO
GACAGCCAGATACTGA,CD14+MONO
GACAGCCAGTCCGCCA,CD14+MONO
GACATCAGTCTGTAAC,CD14+MONO
GACCAATAGGGAGGCA,CD14+MONO
GACCAATCACCAGACC,CD14+MONO
GACCCAGGTGTCTAAC,CD14+MONO
GACCCAGTCGATACAC,CD14+MONO
GACCGTGGTCCGCAGT,CD14+MONO
GACCGTGTCCGTAGGC,CD14+MONO
GACCTTCAGTGTACCT,CD14+MONO
GACCTTCCAAATCAAG,CD14+MONO
GACCTTCCAATCAAGA,CD14+MONO
GACGCTGAGGACAACC,CD14+MONO
GACGCTGAGTCTGGAG,CD14+MONO
GACGCTGTCATTGTGG,CD14+MONO
GACGTTAGTGCCTTTC,CD14+MONO
GACTATGCACAGTCAT,CD14+MONO
GACTCAAGTTCTAAGC,CD14+MONO
GACTCTCGTGCATACT,CD14+MONO
GACTCTCTCCCAATAG,CD14+MONO
GACTGATCAGGTAGTG,CD14+MONO
GAGAAATAGCTTGTGT,CD14+MONO
GAGAAATAGTTGTCAC,CD14+MONO
GAGACCCCAGCGATTT,CD14+MONO
GAGACCCCAGTCCCGA,CD14+MONO
GAGAGGTCACGTAGTT,CD14+MONO
GAGAGGTTCATGAAAG,CD14+MONO
GAGAGGTTCCGTGTCT,CD14+MONO
GAGATGGAGACAACTA,CD14+MONO
GAGATGGAGGTCTGGA,CD14+MONO
GAGATGGGTGAACGGT,CD14+MONO
GAGCTGCGTCGGAAAC,CD14+MONO
GAGGCAAAGTAAGGGA,CD14+MONO
GAGGGATAGATAGTGT,CD14+MONO
GAGGGATGTATGGAGC,CD14+MONO
GAGGGATGTCTTCCGT,CD14+MONO
GAGGGATGTGGAACCA,CD14+MONO
GAGGGTAGTCGATGCC,CD14+MONO
GAGGGTATCTCAACGA,CD14+MONO
GAGTCATTCATCGCAA,CD14+MONO
GAGTCTAAGGGTGAGG,CD14+MONO
GAGTCTATCTTGAGCA,CD14+MONO
GAGTGAGAGGACGCTA,CD14+MONO
GAGTGAGTCTCCAATT,CD14+MONO
GAGTGTTCAACAAGTA,CD14+MONO
GAGTTGTCAATTGCTG,CD14+MONO
GATAGAAAGACGACGT,CD14+MONO
GATAGAACAGCTTTGA,CD14+MONO
GATCAGTGTCCTGTTC,CD14+MONO
GATCATGGTCAGATTC,CD14+MONO
GATCATGGTTCTATCT,CD14+MONO
GATCCCTGTCAAGCGA,CD14+MONO
GATCGTAAGATGACAT,CD14+MONO
GATCGTACAAGCTCTA,CD14+MONO
GATCGTACACATACGT,CD14+MONO
GATGACTCAAACTAGA,CD14+MONO
GATGACTGTAGACGTG,CD14+MONO
GATGAGGAGGCATCTT,CD14+MONO
GATGAGGAGGTAGCCA,CD14+MONO
GATGATCCATTCTCCG,CD14+MONO
GATGATCGTGGTAATA,CD14+MONO
GATGATCTCGCCTTTG,CD14+MONO
GATGCTATCGACCATA,CD14+MONO
GATGGAGAGGAACATT,CD14+MONO
GATGTTGAGGACAACC,CD14+MONO
GATTCGAAGGGCAGAG,CD14+MONO
GATTCGAAGGTCGAGT,CD14+MONO
GATTCGATCCACGGAC,CD14+MONO
GATTCTTAGTAGTGCG,CD14+MONO
GCAACATGTACTTCCC,CD14+MONO
GCAACCGCACTCTAGA,CD14+MONO
GCAACCGGTATCGCAT,CD14+MONO
GCACATACATGAAAGT,CD14+MONO
GCACGGTAGACAACTA,CD14+MONO
GCACGGTCAGCCTTCT,CD14+MONO
GCACGTGCAACTCCAA,CD14+MONO
GCACGTGCATTCCTCG,CD14+MONO
GCACTAACATGATAGA,CD14+MONO
GCACTAAGTGATTCAC,CD14+MONO
GCAGCCAAGCTATCCA,CD14+MONO
GCAGCTGCAACGAGGT,CD14+MONO
GCAGGCTCACATGAAA,CD14+MONO
GCAGGCTGTAAGATAC,CD14+MONO
GCAGTTACAATCGCCG,CD14+MONO
GCATCTCCAGTCTTCC,CD14+MONO
GCATGATAGTGGATTA,CD14+MONO
GCATGATAGTGGCCTC,CD14+MONO
GCATGATTCCTCTCTT,CD14+MONO
GCCAACGTCGTAGGGA,CD14+MONO
GCCAGCACACTTGGCG,CD14+MONO
GCCAGCAGTGTAGGAC,CD14+MONO
GCCAGCATCGACGTCG,CD14+MONO
GCCAGGTAGCAAATCA,CD14+MONO
GCCAGTGAGCGTCAAG,CD14+MONO
GCCCAGATCTAGCAAC,CD14+MONO
GCCCGAAAGCATCTTG,CD14+MONO
GCCCGAAAGCGGCTCT,CD14+MONO
GCCGATGCATCCGTGG,CD14+MONO
GCCGTGACAGCACACC,CD14+MONO
GCCGTGAGTGCATGAG,CD14+MONO
GCCTGTTCATCCGAGC,CD14+MONO
GCGAGAAAGGTGCATG,CD14+MONO
GCGATCGGTCTTCTAT,CD14+MONO
GCGGAAAAGTTGTAAG,CD14+MONO
GCGGAAACAAGCGAAC,CD14+MONO
GCGGAAACACACCTTC,CD14+MONO
GCGGAAACAGACGGAT,CD14+MONO
GCGGAAATCTCCGAGG,CD14+MONO
GCGGATCTCCGATAGT,CD14+MONO
GCGTGCAAGGTGCATG,CD14+MONO
GCGTGCATCTGCACCT,CD14+MONO
GCGTTTCTCGCTCTCA,CD14+MONO
GCTGAATGTAGGGTAC,CD14+MONO
GCTGAATTCGTAGAGG,CD14+MONO
GCTGGGTCAATGTTGC,CD14+MONO
GCTGGGTTCATCGGGC,CD14+MONO
GCTGGGTTCCCATACC,CD14+MONO
GCTGGGTTCGGAATGG,CD14+MONO
GCTTCACTCCATAAGC,CD14+MONO
GGAACCCGTTTACGTG,CD14+MONO
GGAACCCTCAGACATC,CD14+MONO
GGAAGTGAGAGCCGAT,CD14+MONO
GGAAGTGAGGAGGTTC,CD14+MONO
GGAAGTGGTCGATTTG,CD14+MONO
GGAATGGTCCGTGGTG,CD14+MONO
GGACGTCTCGCTGTTC,CD14+MONO
GGAGAACGTAGGGTAC,CD14+MONO
GGAGATGCACACCTAA,CD14+MONO
GGAGGATGTCACCACG,CD14+MONO
GGATCTAAGCCTTCTC,CD14+MONO
GGATCTAAGTTAACAG,CD14+MONO
GGATCTACACAGAGAC,CD14+MONO
GGATCTAGTATGTCCA,CD14+MONO
GGATGTTTCGGCCTTT,CD14+MONO
GGCAGTCCACAAATGA,CD14+MONO
GGCGTCAGTTACCGTA,CD14+MONO
GGCTGTGAGCCTCGTG,CD14+MONO
GGCTTTCAGCGAATGC,CD14+MONO
GGCTTTCGTCGCTTAA,CD14+MONO
GGCTTTCGTTCAAGTC,CD14+MONO
GGGAAGTCATCGAAGG,CD14+MONO
GGGAAGTGTCTCGCGA,CD14+MONO
GGGAAGTTCACTCTTA,CD14+MONO
GGGACAAAGGCTATCT,CD14+MONO
GGGACCTAGACCAAGC,CD14+MONO
GGGACTCCACGAAGAC,CD14+MONO
GGGAGATTCCGATGCG,CD14+MONO
GGGAGTACATTGTCGA,CD14+MONO
GGGATCCAGGTTACAA,CD14+MONO
GGGATCCGTACAGCGA,CD14+MONO
GGGATGACAGCTGTGC,CD14+MONO
GGGATGAGTTTGATCG,CD14+MONO
GGGCGTTAGATCCCAT,CD14+MONO
GGGCTACAGAAATTCG,CD14+MONO
GGGCTCAGTAGCACAG,CD14+MONO
GGGTAGAGTATTTCCT,CD14+MONO
GGGTATTAGTCGCCCA,CD14+MONO
GGGTATTGTACCAATC,CD14+MONO
GGGTCACCAGAGCTAG,CD14+MONO
GGGTCACGTAACTTCG,CD14+MONO
GGGTGAACAATGCTCA,CD14+MONO
GGGTGTCCAGATTAAG,CD14+MONO
GGGTTATTCCACGTCT,CD14+MONO
GGGTTTACACAACCGC,CD14+MONO
GGGTTTAGTCAACACT,CD14+MONO
GGTAATCCAAGTCATC,CD14+MONO
GGTAATCGTAGCTTGT,CD14+MONO
GGTCTGGGTAATACCC,CD14+MONO
GGTGAAGTCTAAGGAA,CD14+MONO
GGTGATTAGCTGGCCT,CD14+MONO
GGTGATTCATGCACTA,CD14+MONO
GGTGATTTCTACCTTA,CD14+MONO
GGTGGCTAGAGCTTTC,CD14+MONO
GGTGGCTCAGAGCCCT,CD14+MONO
GGTGTTAAGCGTGCCT,CD14+MONO
GGTTCTCGTCTTAGTG,CD14+MONO
GGTTCTCTCGGCCTTT,CD14+MONO
GGTTGTAAGGTTCCAT,CD14+MONO
GTAACACCAGTAGTTC,CD14+MONO
GTAACCACATGTAACC,CD14+MONO
GTAACCATCCCTATTA,CD14+MONO
GTAAGTCCAGGTTCCG,CD14+MONO
GTAATGCTCAGCCCAG,CD14+MONO
GTACAACGTCACCTTC,CD14+MONO
GTAGAAAGTCCGATCG,CD14+MONO
GTAGAAAGTTCGGCTG,CD14+MONO
GTAGAGGTCCAAATGC,CD14+MONO
GTAGCTAGTGACATCT,CD14+MONO
GTAGCTATCTACCACC,CD14+MONO
GTAGGAGAGTATAACG,CD14+MONO
GTAGGTTAGCTGGTGA,CD14+MONO
GTAGTACTCATTCGGA,CD14+MONO
GTAGTACTCCTATGGA,CD14+MONO
GTATTGGAGCCGGATA,CD14+MONO
GTCAAACCACCCTTAC,CD14+MONO
GTCAAACTCTTGTGCC,CD14+MONO
GTCAAGTCAACCGTGC,CD14+MONO
GTCAAGTCAAGCCATT,CD14+MONO
GTCAAGTCAGGACAGT,CD14+MONO
GTCACGGAGTGCACCC,CD14+MONO
GTCAGCGAGCATGCGA,CD14+MONO
GTCAGCGAGGAGAATG,CD14+MONO
GTCAGCGAGTGATCGG,CD14+MONO
GTCATTTAGAGAGTTT,CD14+MONO
GTCCACTCAGTTTCGA,CD14+MONO
GTCCCATGTGTTCATG,CD14+MONO
GTCCTCATCGAGATGG,CD14+MONO
GTCCTCATCTGAGATC,CD14+MONO
GTCGAATCATCCCACT,CD14+MONO
GTCGCGATCGTTGTGA,CD14+MONO
GTCGTTCCACTATCGA,CD14+MONO
GTCTACCCACCTGCAG,CD14+MONO
GTCTACCTCGCGCCAA,CD14+MONO
GTCTCACGTGCGTTTA,CD14+MONO
GTCTTTACAAGTTGGG,CD14+MONO
GTCTTTACAGGATGAC,CD14+MONO
GTCTTTACAGGCCTGT,CD14+MONO
GTCTTTAGTAGCGTAG,CD14+MONO
GTGAGCCGTAGTCCTA,CD14+MONO
GTGAGTTTCATGAGGG,CD14+MONO
GTGCACGGTAGAGATT,CD14+MONO
GTGCAGCGTCGAAGCA,CD14+MONO
GTGCGTGAGCTCCACG,CD14+MONO
GTGCGTGGTGGAACCA,CD14+MONO
GTGCTGGCAGGTGGAT,CD14+MONO
GTGCTGGTCTGTGCGG,CD14+MONO
GTGGAAGTCTGAGAAA,CD14+MONO
GTGGAGAAGCCATCCG,CD14+MONO
GTGGAGAAGGTCATCT,CD14+MONO
GTGGAGATCACAAGAA,CD14+MONO
GTGGGAAGTATTGGCT,CD14+MONO
GTGGTTATCACGAACT,CD14+MONO
GTGTCCTCAGAACGCA,CD14+MONO
GTGTCCTGTATACAGA,CD14+MONO
GTGTGATGTGATACTC,CD14+MONO
GTGTGATGTGCTCCGA,CD14+MONO
GTGTGGCTCCACCTGT,CD14+MONO
GTGTGGCTCGATACGT,CD14+MONO
GTGTGGCTCTTCCGTG,CD14+MONO
GTGTTAGAGCAGGCAT,CD14+MONO
GTGTTAGTCCGTGGGT,CD14+MONO
GTGTTCCAGCTCTTCC,CD14+MONO
GTTACAGCAGCAGTGA,CD14+MONO
GTTACAGCAGCTCATA,CD14+MONO
GTTACGAAGGATGCGT,CD14+MONO
GTTACGAAGTATTAGG,CD14+MONO
GTTAGACGTAGAATAC,CD14+MONO
GTTAGACTCACCATCC,CD14+MONO
GTTATGGTCTGGGAGA,CD14+MONO
GTTCCGTTCACCCTCA,CD14+MONO
GTTCGCTGTGCCTTCT,CD14+MONO
GTTCGCTGTTGATGTC,CD14+MONO
GTTCTATGTTCGTACA,CD14+MONO
GTTCTATTCTAGTACG,CD14+MONO
GTTGAACCAGGGTTGA,CD14+MONO
GTTGAACTCCACTAGA,CD14+MONO
GTTGTGATCATGAGTC,CD14+MONO
GTTGTGATCGAAGTGG,CD14+MONO
GTTTACTAGCGCCCAT,CD14+MONO
GTTTACTCATCTCGTC,CD14+MONO
GTTTGGACAAAGGTTA,CD14+MONO
GTTTGGAGTTATGACC,CD14+MONO
TAACACGAGAATAGTC,CD14+MONO
TAACACGCAGAGCGTA,CD14+MONO
TAACGACAGTGGTGAC,CD14+MONO
TAACGACCACATGGTT,CD14+MONO
TAACGACCATGACTCA,CD14+MONO
TAAGCACCACTGTCGG,CD14+MONO
TAAGTCGGTAAGACCG,CD14+MONO
TAATTCCCAACGTAAA,CD14+MONO
TAATTCCGTCCTCATC,CD14+MONO
TACAACGGTGTTTACG,CD14+MONO
TACACCCGTCATCACA,CD14+MONO
TACATTCAGGCACAAC,CD14+MONO
TACATTCAGTGCACTT,CD14+MONO
TACATTCGTATCTCTT,CD14+MONO
TACCCACAGAGCATAT,CD14+MONO
TACCCACAGCATACTC,CD14+MONO
TACCCACAGTCTAGCT,CD14+MONO
TACCCACGTTTCCCAC,CD14+MONO
TACCCGTAGAGTCACG,CD14+MONO
TACCGGGGTACTGCCG,CD14+MONO
TACCTCGAGAATCCCT,CD14+MONO
TACCTCGTCGCCAGTG,CD14+MONO
TACCTCGTCGTGGGAA,CD14+MONO
TACCTGCGTGACTGTT,CD14+MONO
TACCTGCGTGGCCCAT,CD14+MONO
TACGGGCGTACTGGGA,CD14+MONO
TACGGGCTCCCTGGTT,CD14+MONO
TACGGGCTCTTCGCTG,CD14+MONO
TACGGTACAATCGTCA,CD14+MONO
TACTTACCACTCTCGT,CD14+MONO
TACTTGTAGTGATTCC,CD14+MONO
TAGACCAAGTAGGCCA,CD14+MONO
TAGACCATCCCATAAG,CD14+MONO
TAGACTGCAGTTAGAA,CD14+MONO
TAGAGTCCAATCTCGA,CD14+MONO
TAGATCGCATACTGAC,CD14+MONO
TAGCACACAGATGCGA,CD14+MONO
TAGCACAGTTCGGGTC,CD14+MONO
TAGGGTTGTTCAAACC,CD14+MONO
TAGGTACAGCAGGGAG,CD14+MONO
TAGGTTGGTAACATGA,CD14+MONO
TAGTGCATCTGGGATT,CD14+MONO
TATACCTGTTCTGAGT,CD14+MONO
TATACCTTCCACTAGA,CD14+MONO
TATCAGGAGGGCAGTT,CD14+MONO
TATCCTACACAACGAG,CD14+MONO
TATCCTAGTACCGCGT,CD14+MONO
TATCGCCTCGATGCAT,CD14+MONO
TATCTGTAGTATGGCG,CD14+MONO
TATCTGTCATCTGTTT,CD14+MONO
TATCTTGTCGTAGCCG,CD14+MONO
TATTGCTCAGAACTTC,CD14+MONO
TATTGGGCAATGTTGC,CD14+MONO
TATTGGGTCAATCAGC,CD14+MONO
TATTTCGCACGTTGGC,CD14+MONO
TATTTCGGTTCGGTCG,CD14+MONO
TCAAGCAGTATCCTTT,CD14+MONO
TCAAGCATCGTGACTA,CD14+MONO
TCAATTCAGTGATAAC,CD14+MONO
TCACAAGGTCATCGCG,CD14+MONO
TCACAAGGTGGATCGA,CD14+MONO
TCACACCCAGGCTTGC,CD14+MONO
TCACACCTCGCTCTAC,CD14+MONO
TCACATTAGTCACAGG,CD14+MONO
TCACGCTAGCACTAGG,CD14+MONO
TCACGCTTCCGAAATC,CD14+MONO
TCACTATCAGTCAGCC,CD14+MONO
TCAGCAAAGAGAGTTT,CD14+MONO
TCAGCAAAGGATGAGA,CD14+MONO
TCAGCCTAGCCAACCC,CD14+MONO
TCAGCCTAGTGCGACA,CD14+MONO
TCAGGGCAGTTTCGGT,CD14+MONO
TCAGGTAAGCTGACCC,CD14+MONO
TCAGGTATCTATCGGA,CD14+MONO
TCAGTCCGTTCGGACC,CD14+MONO
TCAGTTTCACCGGAAA,CD14+MONO
TCAGTTTGTAGGCTGA,CD14+MONO
TCATACTCAGTAACGG,CD14+MONO
TCATATCTCCATACTT,CD14+MONO
TCATCATGTTTGAAAG,CD14+MONO
TCATCCGAGTAGAGTT,CD14+MONO
TCATCCGCACGCAGTC,CD14+MONO
TCATCCGCATGAGTAA,CD14+MONO
TCATGAGAGGGTCACA,CD14+MONO
TCATGCCGTTACGGAG,CD14+MONO
TCATGTTGTGTGAGCA,CD14+MONO
TCATTACTCCACAGCG,CD14+MONO
TCATTCACAACATACC,CD14+MONO
TCATTCAGTCCATAGT,CD14+MONO
TCATTCAGTTAAGAAC,CD14+MONO
TCATTGTTCCCTCGTA,CD14+MONO
TCATTTGCAATGGCAG,CD14+MONO
TCATTTGCATCTGGGC,CD14+MONO
TCATTTGTCTTGAACG,CD14+MONO
TCCACCAGTCGGTAAG,CD14+MONO
TCCACCAGTTAGCGGA,CD14+MONO
TCCACCAGTTATCTGG,CD14+MONO
TCCAGAAAGACCGCCT,CD14+MONO
TCCAGAATCGCGTGAC,CD14+MONO
TCCAGAATCGGATACT,CD14+MONO
TCCATGCTCGTTGTGA,CD14+MONO
TCCCACACACAATGTC,CD14+MONO
TCCCACAGTCCTGGTG,CD14+MONO
TCCCAGTCACATGTTG,CD14+MONO
TCCGATCAGGGACTGT,CD14+MONO
TCCGATCCAACAGTGG,CD14+MONO
TCCGTGTGTCTGTCCT,CD14+MONO
TCCGTGTTCAGCTCTC,CD14+MONO
TCCTAATTCGAGTGGA,CD14+MONO
TCCTCCCCATCTGGGC,CD14+MONO
TCCTTCTGTAAGTCAA,CD14+MONO
TCCTTCTGTTCCGCAG,CD14+MONO
TCCTTCTTCATCCTAT,CD14+MONO
TCCTTTCTCAGTGTTG,CD14+MONO
TCGACCTTCCCGTAAA,CD14+MONO
TCGACGGGTCGTCAGC,CD14+MONO
TCGACGGGTTTGTGGT,CD14+MONO
TCGCAGGCACTTACAG,CD14+MONO
TCGCTCAGTAAGACCG,CD14+MONO
TCGCTCATCAAGAGTA,CD14+MONO
TCGCTCATCCACCTGT,CD14+MONO
TCGCTTGAGAGACAAG,CD14+MONO
TCGCTTGCATGCACTA,CD14+MONO
TCGGATAGTCGGTGAA,CD14+MONO
TCGGGACGTATGATCC,CD14+MONO
TCGGGCACAAAGGAGA,CD14+MONO
TCGGGCACATGGCACC,CD14+MONO
TCGGGCAGTAAGATTG,CD14+MONO
TCGGGCAGTCAGTTTG,CD14+MONO
TCGGGCATCGTCGGGT,CD14+MONO
TCGGGTGTCGGCAGTC,CD14+MONO
TCGGTCTCAACATACC,CD14+MONO
TCGGTCTCAACTGGTT,CD14+MONO
TCGGTCTGTCGTCAGC,CD14+MONO
TCGGTCTTCGTCCATC,CD14+MONO
TCGTAGAAGCCTGCCA,CD14+MONO
TCGTGGGTCCATAGGT,CD14+MONO
TCGTGGGTCTGGAAGG,CD14+MONO
TCTACATCAACTGAAA,CD14+MONO
TCTACATCATGTCTAG,CD14+MONO
TCTACATGTGCCTGCA,CD14+MONO
TCTACCGGTGCATGAG,CD14+MONO
TCTATACCATCGAGCC,CD14+MONO
TCTATCATCTGGTTGA,CD14+MONO
TCTCACGAGCGGGTTA,CD14+MONO
TCTCCGAAGAATCGTA,CD14+MONO
TCTCCGAGTCAGTCGC,CD14+MONO
TCTCCGATCATCCTGC,CD14+MONO
TCTCTGGAGCCGATTT,CD14+MONO
TCTGCCAGTGTGTTTG,CD14+MONO
TCTGGCTAGTCTTCCC,CD14+MONO
TCTGGCTTCCAACACA,CD14+MONO
TCTGTCGGTATCTTCT,CD14+MONO
TCTTAGTAGAAGTGTT,CD14+MONO
TCTTAGTCATAGCACT,CD14+MONO
TCTTGCGTCGACATAC,CD14+MONO
TCTTGCGTCGGCGATC,CD14+MONO
TCTTGCGTCTGAGCAT,CD14+MONO
TCTTTGATCTTCACGC,CD14+MONO
TGAACGTAGAAGTGTT,CD14+MONO
TGAACGTCACATCCCT,CD14+MONO
TGAATCGAGATGAACT,CD14+MONO
TGAATCGTCACTCACC,CD14+MONO
TGACAGTAGCTCGACC,CD14+MONO
TGACGCGCAGAAATCA,CD14+MONO
TGAGCGCTCCGTGTAA,CD14+MONO
TGAGCGCTCCTCGATC,CD14+MONO
TGAGCGCTCGCTGTCT,CD14+MONO
TGAGGAGAGTTCTCTT,CD14+MONO
TGAGGAGAGTTGGAAT,CD14+MONO
TGAGGAGTCGTGAGAG,CD14+MONO
TGAGGGAGTGTACATC,CD14+MONO
TGAGGGATCCATCACC,CD14+MONO
TGAGGTTAGACCGCCT,CD14+MONO
TGAGGTTAGGCGCTTC,CD14+MONO
TGAGGTTGTTCGTACA,CD14+MONO
TGAGGTTTCGTGGACC,CD14+MONO
TGAGTCAGTACAGAGC,CD14+MONO
TGATCAGAGTCCTACA,CD14+MONO
TGATCAGCAACCACAT,CD14+MONO
TGATGCAAGAGTGGCT,CD14+MONO
TGATGCATCACGATCA,CD14+MONO
TGATGCATCGGTCACG,CD14+MONO
TGATGGTCACACGCCA,CD14+MONO
TGATTCTAGAGGTATT,CD14+MONO
TGATTCTGTCGCTTAA,CD14+MONO
TGATTCTTCGTCCTCA,CD14+MONO
TGCACGGGTAGATCGG,CD14+MONO
TGCACGGGTTTACCAG,CD14+MONO
TGCAGATAGCACTCAT,CD14+MONO
TGCAGGCAGAGTTGAT,CD14+MONO
TGCAGGCTCAAGCCTA,CD14+MONO
TGCAGTACAGAGTTGG,CD14+MONO
TGCAGTACAGGAAGTC,CD14+MONO
TGCATGACACTACTTT,CD14+MONO
TGCCGAGCACGCTGAC,CD14+MONO
TGCCGAGTCTAGATCG,CD14+MONO
TGCGATACACAGAGCA,CD14+MONO
TGCGATATCACCGACG,CD14+MONO
TGCGGCAAGGCTGAAC,CD14+MONO
TGCGGCACAGAAGTTA,CD14+MONO
TGCGGCACAGGTGAGT,CD14+MONO
TGCGGGTAGAAGAGCA,CD14+MONO
TGCTCCACAAGACCTT,CD14+MONO
TGCTCCAGTCGGCTAC,CD14+MONO
TGCTCCATCACTACGA,CD14+MONO
TGCTCGTAGCTATCCA,CD14+MONO
TGCTCGTCACATACTG,CD14+MONO
TGCTCGTGTCGCATCG,CD14+MONO
TGCTGAAAGTGTTGAA,CD14+MONO
TGCTGAACAAAGTGTA,CD14+MONO
TGCTTGCTCTGAGAGG,CD14+MONO
TGGAACTCATACCATG,CD14+MONO
TGGAACTTCGCCGAAC,CD14+MONO
TGGAGAGGTCAGACTT,CD14+MONO
TGGAGGACACCGTGCA,CD14+MONO
TGGAGGATCGAGTTGT,CD14+MONO
TGGAGGATCTCTGCTG,CD14+MONO
TGGATGTAGACATACA,CD14+MONO
TGGATGTCATCCGATA,CD14+MONO
TGGATGTTCTGGTGCG,CD14+MONO
TGGGAAGAGCATCCTA,CD14+MONO
TGGGAAGCATGACGTT,CD14+MONO
TGGGAGACAGCGACCT,CD14+MONO
TGGGAGAGTAGACGTG,CD14+MONO
TGGGATTAGGTTCCGC,CD14+MONO
TGGGATTCACAGAAGC,CD14+MONO
TGGGATTGTATTGCCA,CD14+MONO
TGGGCGTAGATGAAGG,CD14+MONO
TGGGCGTAGCTTCATG,CD14+MONO
TGGTACAAGGTAAGTT,CD14+MONO
TGGTACAGTAATTAGG,CD14+MONO
TGGTACATCCGTGACG,CD14+MONO
TGGTAGTGTCCACGCA,CD14+MONO
TGTAACGCAACCGTGC,CD14+MONO
TGTAACGCATTACTCT,CD14+MONO
TGTACAGAGAAGAGCA,CD14+MONO
TGTACAGCACTTGACA,CD14+MONO
TGTACAGCAGGAGGTT,CD14+MONO
TGTACAGTCATAGACC,CD14+MONO
TGTAGACGTGGCGTAA,CD14+MONO
TGTAGACGTTGTTGAC,CD14+MONO
TGTCAGAGTTAGAAAC,CD14+MONO
TGTCAGATCTTGGATG,CD14+MONO
TGTCCACAGCGTGTCC,CD14+MONO
TGTCCACGTGTAGCAG,CD14+MONO
TGTCCCAGTAAGAACT,CD14+MONO
TGTGATGAGAGCAGTC,CD14+MONO
TGTGATGAGTAGCCAG,CD14+MONO
TGTGATGGTTTCACAG,CD14+MONO
TGTGCGGTCTATGTGG,CD14+MONO
TGTGGCGAGTCCCAGC,CD14+MONO
TGTGTGACAACTGCCG,CD14+MONO
TGTGTGAGTGTTGACT,CD14+MONO
TGTTCATGTATTTCCT,CD14+MONO
TGTTCATTCCTGCTAC,CD14+MONO
TGTTCTAGTGAATATG,CD14+MONO
TGTTGAGAGGGTCACA,CD14+MONO
TGTTGAGGTATTTCTC,CD14+MONO
TGTTGGAGTGAGTTGG,CD14+MONO
TGTTTGTAGATTGAGT,CD14+MONO
TTAATCCCATTGAGCT,CD14+MONO
TTACAGGGTGCATACT,CD14+MONO
TTACAGGTCTCAACCC,CD14+MONO
TTACCATCACTGCGAC,CD14+MONO
TTACCATCATCCCACT,CD14+MONO
TTACCGCCAGTAGATA,CD14+MONO
TTACGCCGTTAGGGAC,CD14+MONO
TTAGGCATCGAGTACT,CD14+MONO
TTAGGGTAGATTAGAC,CD14+MONO
TTAGGGTAGCGGGTTA,CD14+MONO
TTAGGGTAGTGAGGTC,CD14+MONO
TTAGTCTAGGCATCGA,CD14+MONO
TTATTGCAGCAATTAG,CD14+MONO
TTCAATCAGACTTCCA,CD14+MONO
TTCACCGTCGTTCGCT,CD14+MONO
TTCACGCGTACGAAAT,CD14+MONO
TTCAGGATCACACCCT,CD14+MONO
TTCAGGATCAGTCAGT,CD14+MONO
TTCATGTGTCGATTCA,CD14+MONO
TTCCACGAGCCTCAGC,CD14+MONO
TTCCGGTTCCCGATCT,CD14+MONO
TTCCTCTAGTCCCAAT,CD14+MONO
TTCCTCTCATCCTATT,CD14+MONO
TTCCTCTGTACGGCAA,CD14+MONO
TTCCTCTGTGGGTATG,CD14+MONO
TTCCTCTTCCATTGGA,CD14+MONO
TTCCTTCCAACGGTAG,CD14+MONO
TTCCTTCGTTGTGGAG,CD14+MONO
TTCGATTGTGCTTATG,CD14+MONO
TTCGATTTCCTCACGT,CD14+MONO
TTCGATTTCTATACTC,CD14+MONO
TTCGCTGAGAAGAGCA,CD14+MONO
TTCTAACAGGATATGT,CD14+MONO
TTCTAACAGGTTCTTG,CD14+MONO
TTCTAACGTCCTACAA,CD14+MONO
TTCTAGTTCATTGCTT,CD14+MONO
TTCTCTCAGGATTTAG,CD14+MONO
TTCTCTCAGTGGTGGT,CD14+MONO
TTCTCTCGTGATTAGA,CD14+MONO
TTCTCTCTCATGGGAG,CD14+MONO
TTCTCTCTCCCGTTGT,CD14+MONO
TTCTCTCTCTACACAG,CD14+MONO
TTCTGTAAGACATATG,CD14+MONO
TTCTGTAAGAGGCGGA,CD14+MONO
TTCTGTACACAATTCG,CD14+MONO
TTCTTGACAAGACGGT,CD14+MONO
TTCTTGACATATCTGG,CD14+MONO
TTCTTGACATGCGGTC,CD14+MONO
TTCTTGAGTCTGATAC,CD14+MONO
TTGAACGAGATACGAT,CD14+MONO
TTGAACGTCTGGCCTT,CD14+MONO
TTGAACGTCTTCCGTG,CD14+MONO
TTGACCCTCAGGAAGC,CD14+MONO
TTGAGTGTCAACCTCC,CD14+MONO
TTGATGGAGTTCCTGA,CD14+MONO
TTGCATTCAGGTTTAC,CD14+MONO
TTGCATTGTGAGACCA,CD14+MONO
TTGCTGCTCCGACATA,CD14+MONO
TTGGATGCACATAGCT,CD14+MONO
TTGGGATCACAAAGCG,CD14+MONO
TTGGGATTCATTCGGA,CD14+MONO
TTGGGCGAGAGCAGCT,CD14+MONO
TTGGGCGCAGTCGGAA,CD14+MONO
TTGGGTACAGTTGCGC,CD14+MONO
TTGGTTTCACCCATAA,CD14+MONO
TTGTGGAGTCCCTGTT,CD14+MONO
TTGTGTTCACTGTGAT,CD14+MONO
TTGTGTTGTACAGTCT,CD14+MONO
TTGTTCACATTACTCT,CD14+MONO
TTGTTCATCAAGCCAT,CD14+MONO
TTGTTCATCTGTGCAA,CD14+MONO
TTGTTGTGTAATGCGG,CD14+MONO
TTGTTTGAGTCAATCC,CD14+MONO
TTTACCAAGGTCACAG,CD14+MONO
TTTACCAGTGCCTGCA,CD14+MONO
TTTACGTCACATATGC,CD14+MONO
TTTACGTGTGCCTAAT,CD14+MONO
TTTACTGAGGTTAGTA,CD14+MONO
TTTATGCAGATGCTTC,CD14+MONO
TTTCACAAGACTTGTC,CD14+MONO
TTTCAGTTCTCTGAGA,CD14+MONO
TTTCATGTCGCCGTGA,CD14+MONO
TTTCGATAGTCAGCCC,CD14+MONO
TTTGACTGTATCAGGG,CD14+MONO
TTTGATCAGTGACCTT,CD14+MONO
TTTGATCCATTGCCTC,CD14+MONO
TTTGGTTCAATTTCCT,CD14+MONO
TTTGTTGCAGGATGAC,CD14+MONO
AACAAGATCCTGATAG,CD16+MONO
AACACACTCTAAGCCA,CD16+MONO
AAGATAGCATGCGTGC,CD16+MONO
AATCGTGGTATCATGC,CD16+MONO
ACAAAGACAACTTGCA,CD16+MONO
ACAAGCTCATTCCTCG,CD16+MONO
ACACTGAGTTGACTGT,CD16+MONO
ACATCGACAGAACTTC,CD16+MONO
ACATTTCAGTAACAGT,CD16+MONO
ACGCACGAGTGATTCC,CD16+MONO
ACGGTTAAGACTTCCA,CD16+MONO
ACTACGACAGTCACGC,CD16+MONO
ACTTCCGCAACAGCCC,CD16+MONO
ACTTCGCTCTCCGTGT,CD16+MONO
AGAACAATCTGGTGGC,CD16+MONO
AGACAAAGTGTCTTCC,CD16+MONO
AGACACTCACCAGGTC,CD16+MONO
AGACCATAGAACCCGA,CD16+MONO
AGGTCTATCCGAGGCT,CD16+MONO
AGGTTACGTCGTACTA,CD16+MONO
AGGTTGTTCTCGCAGG,CD16+MONO
AGTGATCCACGAAGAC,CD16+MONO
ATACCTTAGACCTCAT,CD16+MONO
ATCATTCGTCGCTGCA,CD16+MONO
ATCGGCGAGAGAGCGG,CD16+MONO
ATCGTCCAGACTCATC,CD16+MONO
ATCTTCACATGGGTCC,CD16+MONO
ATTGTTCTCCGAACGC,CD16+MONO
CACACAACAAATCAGA,CD16+MONO
CACGTTCCACTGAGGA,CD16+MONO
CACTGGGAGACGGTTG,CD16+MONO
CAGAGCCAGACGACGT,CD16+MONO
CAGCAGCAGCGTCTCG,CD16+MONO
CAGTTAGTCGCAACAT,CD16+MONO
CATACAGCATCCGTTC,CD16+MONO
CATACAGGTACGATGG,CD16+MONO
CATTGCCCAAGGGTCA,CD16+MONO
CCAATGATCGTAGGGA,CD16+MONO
CCAATTTGTGGCCCAT,CD16+MONO
CCACACTGTGCGTCGT,CD16+MONO
CCCAACTAGGAACATT,CD16+MONO
CCGATCTAGGCCTGAA,CD16+MONO
CCGTGAGAGGCATGGT,CD16+MONO
CCTCAGTAGCATCCCG,CD16+MONO
CCTCTCCCACCTGAAT,CD16+MONO
CCTCTCCTCCTAGCTC,CD16+MONO
CCTTCAGTCTTACCGC,CD16+MONO
CGAGTGCTCATTACCT,CD16+MONO
CGCATGGAGTTTGGCT,CD16+MONO
CGTTGGGAGGTCCGAA,CD16+MONO
CTAACTTTCCATCTCG,CD16+MONO
CTCAACCTCAGTCCGG,CD16+MONO
CTCAGGGGTCAACCTA,CD16+MONO
CTCATTAGTCCATAGT,CD16+MONO
CTCCATGCAACTGAAA,CD16+MONO
CTCTCGAGTGTGTGGA,CD16+MONO
CTCTGGTTCTCTTAAC,CD16+MONO
CTGAGCGAGTTGGCGA,CD16+MONO
CTGCATCCACGGTGCT,CD16+MONO
CTGTATTAGGTCGTCC,CD16+MONO
CTGTATTTCCAATCCC,CD16+MONO
CTGTCGTCACTCCCTA,CD16+MONO
CTGTGGGGTATGAAAC,CD16+MONO
CTTTCAATCCTCAGGG,CD16+MONO
GAAGTAAAGCCAGAGT,CD16+MONO
GAGAAATTCTAGAGCT,CD16+MONO
GAGTTACGTCCACATA,CD16+MONO
GAGTTGTTCGTCCATC,CD16+MONO
GATCATGAGAATCGTA,CD16+MONO
GATGACTCACCCTAGG,CD16+MONO
GATTTCTGTCCACATA,CD16+MONO
GCAACATCAAGTGGTG,CD16+MONO
GCAACCGCAGGACATG,CD16+MONO
GCATCTCTCCTACACC,CD16+MONO
GCATTAGGTTCTCAGA,CD16+MONO
GCCTGTTAGATGCGAC,CD16+MONO
GCGTTTCTCGCGATCG,CD16+MONO
GCTACCTAGAGAGGTA,CD16+MONO
GGACGTCTCATGGCCG,CD16+MONO
GGCTTGGAGGTAGCAC,CD16+MONO
GGGATGACAAGACGGT,CD16+MONO
GGGCCATAGGTATAGT,CD16+MONO
GGGTCTGAGTCCGTCG,CD16+MONO
GGGTCTGTCCAACACA,CD16+MONO
GGTGTTAGTCTCAGGC,CD16+MONO
GGTTCTCCATCTTCGC,CD16+MONO
GGTTCTCGTAGGATAT,CD16+MONO
GTAACACCATACTGTG,CD16+MONO
GTAGTACCAAGCCTGC,CD16+MONO
GTCCACTAGTCCGCCA,CD16+MONO
GTCGAATAGGGAGGAC,CD16+MONO
GTCTCACCAATTGTGC,CD16+MONO
GTGCGTGAGGCCCAAA,CD16+MONO
GTGCGTGCACGTAGAG,CD16+MONO
GTGCTGGTCGTCAACA,CD16+MONO
GTGCTTCAGAGCATAT,CD16+MONO
GTGGAAGTCATATGGC,CD16+MONO
GTGGGAAGTTCAAAGA,CD16+MONO
GTTACCCCATGGAATA,CD16+MONO
GTTGAACGTACCGCGT,CD16+MONO
GTTGAACGTGAATGTA,CD16+MONO
GTTGAACTCGTTTACT,CD16+MONO
GTTGTAGAGTTGCGAG,CD16+MONO
GTTGTCCAGAGGCGTT,CD16+MONO
TAACCAGTCGCTGTTC,CD16+MONO
TACGCTCGTAACTAAG,CD16+MONO
TACTTCAGTACGAGTG,CD16+MONO
TAGACCACACGACGCT,CD16+MONO
TAGACTGCATAATCCG,CD16+MONO
TCACATTTCTGCGGGT,CD16+MONO
TCAGTTTTCAAACGTC,CD16+MONO
TCATGAGTCACTGAAC,CD16+MONO
TCCCATGGTGGTCTGC,CD16+MONO
TCCTCGAAGGGTACGT,CD16+MONO
TCCTTCTAGTGAACAT,CD16+MONO
TCCTTCTTCGGTGCAC,CD16+MONO
TCGAAGTGTTGCCGAC,CD16+MONO
TCGGATAAGTAGGTTA,CD16+MONO
TCGGGTGTCTCCATAT,CD16+MONO
TCTCCGAGTTGCGTAT,CD16+MONO
TCTTTGACAAGCTGCC,CD16+MONO
TGAGACTCACACCTTC,CD16+MONO
TGAGGGACAGTTTGGT,CD16+MONO
TGAGGGAGTGGCAGAT,CD16+MONO
TGGATGTTCCAGTGCG,CD16+MONO
TGGTTAGCACGAGGTA,CD16+MONO
TGTCCACAGCCAAGGT,CD16+MONO
TGTGAGTAGACTGGGT,CD16+MONO
TGTGAGTGTCAGGTAG,CD16+MONO
TGTTGAGAGCATTTGC,CD16+MONO
TTAGTCTAGAGTCCGA,CD16+MONO
TTCTGTAAGGACTAAT,CD16+MONO
TTGACCCTCATCGGGC,CD16+MONO
TTGAGTGGTCTACTGA,CD16+MONO
TTGCTGCGTTGTGCCG,CD16+MONO
TTGGGATAGTGATTCC,CD16+MONO
TTGTGGAGTGAATATG,CD16+MONO
TTGTTGTCACGCGCTA,CD16+MONO
TTTACCACACAAGGTG,CD16+MONO
TTTACTGAGCATGGGT,CD16+MONO
AAAGGATGTACAGTAA,DC
AAAGTCCGTTCCGCTT,DC
AAATGGAAGTTCATGC,DC
AACCATGGTGCATACT,DC
AAGCGAGGTTGCATAC,DC
AAGGAATCATGGCTGC,DC
ACAACCATCGTCTAAG,DC
ACACAGTGTCTTGGTA,DC
ACCAAACCACGTCGGT,DC
ACCGTTCCAGGCCTGT,DC
ACCGTTCTCTATGCCC,DC
ACTGTGAGTCAGTCTA,DC
AGACAAACATGCAGCC,DC
AGAGAGCAGCACCGAA,DC
AGATAGATCATCGGGC,DC
AGCCACGCAGAACATA,DC
AGCCACGCATGTACGT,DC
AGCGTATTCCAAACCA,DC
AGGAATAAGCTCGTGC,DC
AGGAGGTCAGCCTACG,DC
AGGGTGAGTCGAATTC,DC
AGTACTGAGTCTCCTC,DC
ATAGGCTTCCATCTCG,DC
ATTACCTAGGAACGAA,DC
ATTCTACTCCATTCAT,DC
CAAAGAAGTTAGGCCC,DC
CAAAGAATCATTTGCT,DC
CAACCTCGTGTCCTAA,DC
CACAACACAGCTACCG,DC
CACACAAGTGGAACAC,DC
CACTGTCGTTAGGAGC,DC
CAGCAATTCACCTACC,DC
CATCCCACACATGGTT,DC
CATCCCAGTCCGCAGT,DC
CCAATTTAGACAACTA,DC
CCCGAAGTCCCGATCT,DC
CCCGGAACAGGCGATA,DC
CCCTCAATCATAAGGA,DC
CCCTCTCTCCAGCACG,DC
CCGGGTACACCATTCC,DC
CCTACGTAGCGACTAG,DC
CCTCAGTTCAATCTTC,DC
CCTCTAGGTCGCCACA,DC
CCTGTTGTCAGCGTCG,DC
CGAGGAAGTTATGGTC,DC
CGCATGGCAGCTGTCG,DC
CGGAACCTCCTACGGG,DC
CGTAGTAGTTTCACTT,DC
CGTCAAATCCCAGGAC,DC
CGTGATAGTACAGAGC,DC
CTACCTGTCCATCTGC,DC
CTAGGTACAGTCCGTG,DC
CTATCCGGTCTCAAGT,DC
CTCCGATAGCCAGACA,DC
CTCCTTTCATACGCAT,DC
CTGAATGCACGACGTC,DC
CTGAGGCAGCCACCGT,DC
CTGCGAGCAGGGACTA,DC
CTGTATTAGGCATTTC,DC
GAGTTACAGCACTCTA,DC
GCAACCGTCACCTTGC,DC
GCAACCGTCTGTGCTC,DC
GCATCGGCAAATAAGC,DC
GCCAGTGGTAGGATAT,DC
GCCCGAATCAACGTGT,DC
GGACGTCAGTCACGCC,DC
GGATCTACACTTGTGA,DC
GGTTCTCTCCGATAGT,DC
GTCGTTCTCGTAGAGG,DC
GTGCACGAGGCCCAAA,DC
GTTAGTGCATCACGGC,DC
GTTGTAGGTATCGCTA,DC
TAAGCGTTCTCTTAAC,DC
TAAGTCGTCGGTCAGC,DC
TACGGGCGTAATGTGA,DC
TAGGAGGAGACCAACG,DC
TAGGGTTCACCAGCCA,DC
TATACCTGTCTCGACG,DC
TCAGGTAAGGTGCCTC,DC
TCATTTGAGGTAGATT,DC
TCGAAGTTCCTAAGTG,DC
TCGGGCACAGACTCTA,DC
TCGGTCTCAGTTGTTG,DC
TCTCAGCAGGCGACAT,DC
TCTGTCGTCTGACCCT,DC
TGAATGCCAAGAATAC,DC
TGAGCATTCCCTCGTA,DC
TGAGCGCGTTCAAGGG,DC
TGAGGAGGTAGCGAGT,DC
TGCAGGCTCTATCCAT,DC
TGCATCCAGGTATCTC,DC
TGCATGAGTCAGTCCG,DC
TGGATCATCATCCTAT,DC
TGGGCGTGTCAGTCTA,DC
TGTCAGATCACTGGTA,DC
TGTTGAGAGACCATAA,DC
TTACAGGGTGGTACAG,DC
TTCACGCGTGGCATCC,DC
TTCGATTGTGGATCAG,DC
TTCTTCCAGGGACAGG,DC
AAACGCTTCTGTCGTC,NK
AAATGGAGTTCAAAGA,NK
AACAAAGAGTAATCCC,NK
AACCACATCACCATAG,NK
AACCATGAGATTAGTG,NK
AACCATGAGGTGATAT,NK
AACGTCAAGTGAGGCT,NK
AAGCGAGAGGGTCAAC,NK
AAGCGTTCACTGGCGT,NK
AAGTCGTGTGACCGAA,NK
AAGTCGTTCTGAGGCC,NK
AAGTGAACATCGGATT,NK
AAGTGAAGTTGCGGAA,NK
AATGACCTCGGCTGGT,NK
AATGGCTTCAGAGCGA,NK
AATGGCTTCTCCGAGG,NK
AATTTCCGTTTATGCG,NK
ACAACCACAGGTGACA,NK
ACACGCGCAGCATTGT,NK
ACAGGGATCCAATGCA,NK
ACATCCCCAAACGGCA,NK
ACATCGAGTCGTATGT,NK
ACCAAACTCGTAACAC,NK
ACCAACAGTACTTGTG,NK
ACCAACATCACTTGTT,NK
ACCACAAGTCCCTCAT,NK
ACCCAAAGTCTCGGAC,NK
ACCCTCAAGGGCAGTT,NK
ACCGTTCAGTGAGTTA,NK
ACGATCAGTTATGACC,NK
ACGTACAGTCTCCCTA,NK
ACGTACATCATTGAGC,NK
ACGTCCTTCACCCTGT,NK
ACGTTCCGTGCTGATT,NK
ACTCCCACATCTTCGC,NK
ACTGCAAAGGGCCTCT,NK
ACTGCAAGTATTGGCT,NK
ACTGTGAAGCATGCAG,NK
ACTGTGATCAACACGT,NK
ACTTCGCAGACAACTA,NK
ACTTTCATCCGTCACT,NK
AGAAATGTCCACAGGC,NK
AGAACAATCTAGCAAC,NK
AGAAGTAGTCTTCCGT,NK
AGACAAAAGTCCCAAT,NK
AGACACTGTATCGTGT,NK
AGACCATGTAGTGGCA,NK
AGACCCGCAATCACGT,NK
AGACCCGGTAAGGTCG,NK
AGACTCAAGACTACGG,NK
AGACTCATCTCTGCTG,NK
AGAGAATCACGTATAC,NK
AGAGAGCTCTGGGCCA,NK
AGAGCAGCAAACGTGG,NK
AGATGAACAGGAACCA,NK
AGCATCAAGATCGACG,NK
AGCATCATCGCAGTTA,NK
AGCGCCAGTCTTGCGG,NK
AGGAAATCATGGTGGA,NK
AGGAATAAGAGTTGAT,NK
AGGAATACAACTCCCT,NK
AGGAATACACTGGAAG,NK
AGGATAATCACGGAGA,NK
AGGATCTTCGAGCACC,NK
AGGGAGTTCGCCATAA,NK
AGGGTTTCATGAGGGT,NK
AGGTCATCAAATACAG,NK
AGTCATGTCACTTGTT,NK
AGTCTCCAGTAAACGT,NK
AGTGACTCAGAGTGTG,NK
AGTGATCGTGATGAAT,NK
AGTGATCGTGGGCTTC,NK
ATACCTTCATTAAGCC,NK
ATAGGCTAGACCTCAT,NK
ATCATTCGTGAACGGT,NK
ATCCCTGAGGGACAGG,NK
ATCCCTGCATCAGCAT,NK
ATCTTCAGTGTAGCAG,NK
ATGATCGCAGCAGACA,NK
ATGGGTTAGACTAGAT,NK
ATGTCCCTCGTAGGGA,NK
ATTATCCTCGCAGTGC,NK
ATTCGTTGTCGGTGTC,NK
ATTCTTGAGGACGCAT,NK
ATTGGGTTCTGAACGT,NK
ATTTCACGTAGAGCTG,NK
CAACCTCGTCCCGGTA,NK
CAACCTCGTCTTCTAT,NK
CAAGCTAGTAGTCGGA,NK
CAATACGTCGTTGTTT,NK
CAATTTCGTAATGCTC,NK
CAATTTCTCATGGCCG,NK
CACAGATGTGCAACAG,NK
CACATGATCTTCCCAG,NK
CACCAAACAGTCTCTC,NK
CACCAAAGTGAACTAA,NK
CACGGGTTCTCGAACA,NK
CACTAAGTCTTTGCTA,NK
CACTGGGTCTGCCTGT,NK
CACTGTCTCTAGGAAA,NK
CAGATACAGACTTCGT,NK
CAGCACGAGTGAGGTC,NK
CAGCAGCGTCATGCAT,NK
CAGGCCATCTCTGCTG,NK
CAGTGCGCAAACACGG,NK
CAGTGCGCAAGTGCAG,NK
CAGTGCGGTTCTCGTC,NK
CAGTTAGTCTCATGGA,NK
CATACAGCACTACCCT,NK
CATACTTAGCACCTGC,NK
CATGAGTAGAAGGATG,NK
CATGAGTTCATAGACC,NK
CATGCAAAGGCATGCA,NK
CATGCCTGTATGGAAT,NK
CATGCGGAGTACAGCG,NK
CATGGATCACAACGTT,NK
CATGGTAAGTTGCTGT,NK
CATTCATAGTGCGACA,NK
CATTCTAGTTGCCATA,NK
CATTCTAGTTTCCCAC,NK
CCAATTTCATACAGGG,NK
CCACCATCAGACAATA,NK
CCACGTTGTTGCCGCA,NK
CCATCACTCACGGAGA,NK
CCATCACTCCGTAGTA,NK
CCCAACTCACTTTATC,NK
CCCTCTCTCGGTCGAC,NK
CCGAACGTCTGGGCCA,NK
CCGATGGCACCGTCTT,NK
CCGGACAAGTCAATCC,NK
CCGGACATCTTCGACC,NK
CCGGTGATCCATCCGT,NK
CCGTGAGCATTACGGT,NK
CCTAAGAGTACGAGTG,NK
CCTCATGGTAGTCACT,NK
CCTCCAATCATGGATC,NK
CCTGCATTCTATACTC,NK
CCTGTTGCACTGCATA,NK
CCTTTGGCAGCGAACA,NK
CGACAGCAGAGTCAGC,NK
CGACAGCTCGTTGCCT,NK
CGAGTGCGTTTCACTT,NK
CGATCGGGTTGCCAAT,NK
CGATCGGTCGGCTGAC,NK
CGGCAGTAGGCATCAG,NK
CGGCAGTGTCCAATCA,NK
CGGTCAGAGCTGGTGA,NK
CGGTCAGGTATTTCCT,NK
CGGTCAGGTTTCCATT,NK
CGTAAGTAGGTACAGC,NK
CGTGAATGTATCAGCT,NK
CGTGATATCATTCACT,NK
CGTGCTTCAGACCTGC,NK
CGTTCTGTCGGACCAC,NK
CGTTGGGTCGCTTGCT,NK
CTAAGTGTCGAAGCAG,NK
CTACAGAGTAAGATTG,NK
CTACCTGAGAGGACTC,NK
CTATAGGAGAACAAGG,NK
CTATCCGCAGAGTCAG,NK
CTCAACCAGTCTCTGA,NK
CTCAATTGTTCTGAGT,NK
CTCAGAATCTGGTCAA,NK
CTCATGCGTTAATCGC,NK
CTCATTACACTCCACT,NK
CTCCACAGTATAGGAT,NK
CTCCATGAGGGTACAC,NK
CTCCCTCGTCCTTAAG,NK
CTCTCGAGTCCACAGC,NK
CTCTGGTAGTCTGGAG,NK
CTGAATGGTACAGCGA,NK
CTGAGCGAGCTGCCTG,NK
CTGATCCGTGCTCCGA,NK
CTGTACCCAACAAGTA,NK
CTGTACCCATTGGATC,NK
CTGTATTCAGTCGCTG,NK
CTGTCGTCACGCTGTG,NK
CTGTCGTGTATCTTCT,NK
CTGTCGTGTTCTTGCC,NK
CTTCTAAGTCTCAGGC,NK
CTTCTAAGTTCAATCG,NK
CTTTCAAAGCGTATAA,NK
GAACGTTAGGTTCACT,NK
GAACGTTAGTCACTGT,NK
GAAGCGATCCTGGCTT,NK
GAAGGACGTAATTGGA,NK
GAATAGAAGGTTCATC,NK
GAATCGTGTACTTCCC,NK
GACCCTTAGAGTCCGA,NK
GACCGTGAGGCACGAT,NK
GACCTTCTCCACGTAA,NK
GACGTTATCGAGCACC,NK
GACTGATTCAGATGCT,NK
GACTGATTCGCACTCT,NK
GACTTCCCACTGCTTC,NK
GAGACCCCATATCTCT,NK
GAGGGATTCGTGTGAT,NK
GAGTTACAGGCTCAAG,NK
GAGTTACCACACGGTC,NK
GATAGCTGTCAACCTA,NK
GATCAGTCATGGAACG,NK
GATCATGAGAGCACTG,NK
GATCATGTCAAGGTGG,NK
GATCCCTAGATCGCTT,NK
GATCGTAAGACCACGA,NK
GATCGTATCCACGGGT,NK
GCAACATTCTAAACGC,NK
GCAACCGCAACGCATT,NK
GCACGGTAGACCCGCT,NK
GCAGCTGTCCCTGGTT,NK
GCATCGGTCTGTCCGT,NK
GCATGATGTGTGATGG,NK
GCATTAGGTAGCTGAG,NK
GCCATTCAGAAGCGGG,NK
GCCATTCTCCACTAGA,NK
GCCCGAAAGACCAGCA,NK
GCCGATGAGACTACGG,NK
GCGAGAATCTCCCAAC,NK
GCGATCGGTCTATGAC,NK
GCGGAAAAGTACCCTA,NK
GCGTGCAAGTTAGTAG,NK
GCGTTTCGTATGCGGA,NK
GCTGGGTAGAGTCACG,NK
GCTTTCGTCTACTATC,NK
GGAACCCAGACTCTAC,NK
GGAATCTGTAGCCCTG,NK
GGAGATGCATCGATAC,NK
GGCTGTGGTTCTTAGG,NK
GGCTTGGTCACTGGTA,NK
GGGACCTAGCTCGAAG,NK
GGGACCTGTCGAGTTT,NK
GGGATGAAGGTTGCCC,NK
GGGTAGATCTGACAGT,NK
GGGTCTGAGCAAATGT,NK
GGGTCTGGTGTCATGT,NK
GGGTGAATCTTGCAAG,NK
GGTAACTTCTCGTGAA,NK
GGTCACGGTCCGTACG,NK
GGTGAAGTCACTCGAA,NK
GTAATCGGTTGCGGAA,NK
GTAGAGGTCGCAGATT,NK
GTAGATCTCCGTGGCA,NK
GTAGGAGGTGCTCGTG,NK
GTAGGTTCAAGTTGGG,NK
GTCAAACAGAGCCGTA,NK
GTCACGGTCGAAGGAC,NK
GTCGAATTCGCCTAGG,NK
GTCTGTCTCCACTAGA,NK
GTGCTTCAGACTTAAG,NK
GTGCTTCCACCCTCTA,NK
GTGCTTCGTCCCGCAA,NK
GTGGAAGGTGCTTATG,NK
GTGTCCTGTGCCTTTC,NK
GTGTGATCAAGATCCT,NK
GTGTTCCCAGTATTCG,NK
GTTAGACCACAATTCG,NK
GTTGTAGGTCGATTAC,NK
GTTGTAGTCCATAGGT,NK
GTTGTCCTCCACATAG,NK
TAACTTCTCTTTGCAT,NK
TAAGCGTCAGTACTAC,NK
TAAGTCGAGTAAGAGG,NK
TAATCTCGTACTAGCT,NK
TACAGGTGTTTACCTT,NK
TACCCACAGGTTCATC,NK
TACCCACTCAAGCCCG,NK
TACCGAAGTCGTACAT,NK
TACCGAATCGATACTG,NK
TAGAGTCCATCCTCAC,NK
TAGATCGAGTGGCCTC,NK
TAGCACAAGATTTGCC,NK
TAGGTACCACAGCTGC,NK
TATCCTAAGCACCGAA,NK
TATCTTGTCAAGAATG,NK
TATTCCACAATGTCAC,NK
TCAAGACAGGCTAACG,NK
TCAAGTGAGACTACGG,NK
TCAATTCCAAAGGCGT,NK
TCACACCTCCCAGGAC,NK
TCACTCGGTCTGTGTA,NK
TCAGGTAGTCTCAGAT,NK
TCAGTCCGTAGGGAGG,NK
TCATACTCAGCAGTTT,NK
TCATCCGTCAAACCTG,NK
TCATGTTGTGGCTCTG,NK
TCATTCATCGTTCTCG,NK
TCCACCAGTGGTAACG,NK
TCCATCGTCCTTCAGC,NK
TCCGTGTGTAAGGCCA,NK
TCCTCGACACAATGTC,NK
TCCTCGAGTGGCTAGA,NK
TCCTCTTAGCACTGGA,NK
TCCTGCAAGTCACAGG,NK
TCCTTTCCACACAGCC,NK
TCGCAGGGTACCCAGC,NK
TCGCTCAAGGCTCCCA,NK
TCGCTCATCTCCAATT,NK
TCGGGACTCGGCTGAC,NK
TCGGGCACAAGCGAGT,NK
TCGGGTGTCCTCTGCA,NK
TCGTGGGAGACTGTTC,NK
TCTAACTGTCACTGAT,NK
TCTATACCAAGGCCTC,NK
TCTGCCACAAGGCAAC,NK
TCTGCCACAATCGTCA,NK
TCTGCCACAGCCCACA,NK
TCTTAGTAGGGAGATA,NK
TCTTCCTCAGGTCAGA,NK
TCTTGCGAGCAAATCA,NK
TGAACGTGTCAAGTTC,NK
TGAATGCTCTCCGAGG,NK
TGAGGAGCACCAGTTA,NK
TGAGTCATCGGTCGAC,NK
TGATCAGTCACCATCC,NK
TGATGGTCAGAAGTGC,NK
TGCACGGCATGGCCCA,NK
TGCAGTAAGCTGAAAT,NK
TGCATGACAGAGTGAC,NK
TGCTGAACATGTGCTA,NK
TGCTTCGAGTGCACAG,NK
TGCTTCGGTGGCCACT,NK
TGGAACTGTACGAGTG,NK
TGGATCAGTACCAATC,NK
TGGATGTCACTTGAGT,NK
TGGGATTGTAGTGCGA,NK
TGGGTTAAGCCTGTCG,NK
TGGTGATAGGAGGGTG,NK
TGGTGATAGTAACGTA,NK
TGGTTAGAGGGTCAAC,NK
TGTACAGCATGATCTG,NK
TGTAGACCATCAGCAT,NK
TGTCCACTCGTGCATA,NK
TGTCCCACATAAGCAA,NK
TGTCCCAGTATGGGAC,NK
TGTGTGACATAAGATG,NK
TGTTGGAAGTTGCTGT,NK
TGTTTGTCAGCACGAA,NK
TTAATCCGTCTCGCGA,NK
TTACGTTTCAGTGTCA,NK
TTCATGTCACTCCTGT,NK
TTCCGGTCAGATCACT,NK
TTCCGTGGTTCCGTTC,NK
TTCTCTCAGGAAAGGT,NK
TTCTCTCTCTACAGGT,NK
TTCTTGAAGAGTAACT,NK
TTCTTGACAGCTGTAT,NK
TTGAACGTCGACCACG,NK
TTGCCTGTCATTCCTA,NK
TTGGGCGGTAACCCTA,NK
TTTACTGGTGATACCT,NK
TTTCGATAGAGGCGTT,NK
TTTGACTGTCCCTGTT,NK
TTTGACTGTGCAACGA,NK
